ward_id,ward,zone,region,ac_name,ac_no,ward_area,intersected_area,grid_cells,hazard_score,hazard_pct,very_low_area,low_area,moderate_area,high_area,very_high_area,flood_point_count,inundation_point_count,mean_flood_depth,max_flood_depth,min_flood_depth,flow25_area,flow25_pct,flow25_score,flow100_area,flow100_pct,flow100_score,waterbody_count,waterbody_area,waterbody_pct,river_count,river_area,river_pct,max_hazard_score,max_flood_depth_value,max_flow100_score,high_risk_area,high_risk_pct,ward_flood_risk_score,flood_probability,risk_class,recommendations
92158,168,13,South,Saidapet,23,3562866.5941547537,3562866.594154743,44,2.5071516757677905,93.32266061564063,34234.37007036517,31649.05722702,12285.162701950305,22258.355672333808,13893.313582490491,0.14331306964254836,0.012222722687484297,0.18334084031226444,0.18334084031226444,0.18334084031226444,74918.54507218044,59.36121993026484,1.400678095399039,87928.6070605022,71.7784547432671,1.8064716733474546,0.5500744951515226,5553.19714583978,4.533222159869208,0.0,0.0,0.0,3.834397778088364,15.0,3.0,36151.6692548243,1.014679284207127,0.286579594401835,28.6579594401835,Moderate,Strengthen storm-water drainage capacity; Improve drainage near historically flooded locations; Improve flood-water evacuation and pumping facilities; Increase road and low-lying area flood protection; Regularly inspect drains and remove blockages
92159,169,13,South,Saidapet,23,3767853.24206515,3477552.51644878,45,1.9532562650052097,77.83735771258382,41522.00588250588,31776.001611650612,4787.927842797633,5606.327220755593,11658.500640205424,0.14226277999278167,0.0,0.0,0.0,0.0,75213.59455328724,55.43898507376987,1.4960813489741767,81203.24548018468,65.36006352403655,1.8552466057735884,0.6759959318312961,6158.76372381163,5.0275622235196975,0.0,0.0,0.0,4.319442402227871,0.0,3.0,17264.827860961017,0.45821391523992083,0.2205330233602011,22.05330233602011,Low,Strengthen storm-water drainage capacity; Improve drainage near historically flooded locations; Protect and maintain water-body storage capacity; Continue routine drainage maintenance
19057,171,13,South,Mylapore,25,3349903.759175603,3349903.7591756373,45,2.498953294821516,98.91445624020406,29237.125068001726,47465.921621571295,17667.997260159125,8333.413868789796,18465.751075728032,0.24863787316870742,0.0,0.0,0.0,0.0,106586.80254628365,79.39753933245927,1.7753175121739868,109629.1556135449,85.85404440744216,2.248634768287321,1.2000697221889622,21668.946292066914,17.688935748626054,0.1166396456780442,342.7089541712985,0.279762411568407,4.7316101271589535,0.0,3.0000000000000004,26799.164944517826,0.7999980557982653,0.31677232218488705,31.677232218488705,Moderate,Strengthen storm-water drainage capacity; Improve drainage near historically flooded locations; Protect and maintain water-body storage capacity; Regularly inspect drains and remove blockages
19060,174,13,South,Velachery,26,3462539.3026997615,3056323.277654801,36,1.997813540532115,68.87749625554115,12351.204015209618,62773.535532080896,3991.3057360417365,1700.4152486162309,3558.4723810894143,0.11550167985727491,0.0,0.0,0.0,0.0,40290.18594340248,32.88994770889999,1.337583278238182,43620.491755315656,35.60856469821685,1.3225539564153055,0.32001635025838726,15525.124957537697,12.673571393908325,0.0,0.0,0.0,4.7316101271589535,0.0,3.0000000000000004,5258.887629705645,0.15187950720459,0.1949917329271488,19.49917329271488,Low,Strengthen storm-water drainage capacity; Improve drainage near historically flooded locations; Protect and maintain water-body storage capacity; Continue routine drainage maintenance
19059,173,13,South,Velachery,26,2735955.8442495996,2735955.844249595,39,1.9624398685865176,75.39626547533888,18776.932518766174,59198.14282850643,5515.190153477427,6587.774577686401,2282.3851288536625,0.38146485341229436,0.04444768059156294,0.14445496192257956,0.15556688207047029,0.13334304177468884,48520.07605407756,36.650774120559596,1.135678567482575,63743.48192849307,46.94680696199521,1.1565099157975238,0.6972405934239637,10997.687961126714,8.977704458062625,0.004765997616357281,22.714806554009446,0.01854269922776281,3.967390124179612,7.0,3.0,8870.159706540064,0.32420697597087555,0.22891578789380224,22.891578789380223,Low,Strengthen storm-water drainage capacity; Improve drainage near historically flooded locations; Improve flood-water evacuation and pumping facilities; Increase road and low-lying area flood protection; Protect and maintain water-body storage capacity; Continue routine drainage maintenance
19065,179,13,South,Velachery,26,1872656.085958812,1872656.0859588142,26,1.8082790305275798,83.87193601588183,22389.94541353402,74777.04971898651,5576.126486934692,0.0,0.0,0.3908466087837915,0.0,0.0,0.0,0.0,32385.134116567737,26.43684417679,0.9565397728752396,48132.2186331953,39.29160704750637,1.0124361991375557,0.07772919407051601,229.46505485483536,0.18731841212639622,0.0,0.0,0.0,2.1587079300349217,0.0,1.1852115005161854,0.0,0.0,0.19736355328412317,19.736355328412316,Low,Strengthen storm-water drainage capacity; Improve drainage near historically flooded locations; Continue routine drainage maintenance
19064,178,13,South,Velachery,26,2702199.8050346356,2688187.6070440835,37,2.1013743980909187,84.41872028400854,35628.77074092598,32495.42828872329,14897.732325241543,17993.751729469095,2397.249263550553,0.19962986530457574,0.10204818622061133,1.0708920957918688,1.1652984727006577,0.9871565580124919,74064.31256956026,56.59194899904784,1.053965166791505,103747.03857516918,73.23221600838197,1.157641092931163,1.0953518705621177,4844.052700392193,3.9543287350140375,0.0,0.0,0.0,3.967390124179612,29.0,2.0676286398576265,20391.000993019647,0.754607448162342,0.25130088710878073,25.130088710878073,Moderate,Strengthen storm-water drainage capacity; Improve drainage near historically flooded locations; Improve flood-water evacuation and pumping facilities; Increase road and low-lying area flood protection; Regularly inspect drains and remove blockages
19082,196,15,South, , ,1552267.7945589388,1552267.79455893,22,2.2533233065077707,93.28509318339513,15989.220971929419,71700.32250713994,10075.002412005133,9401.020658021998,7108.672600562596,0.21420998419896947,0.0,0.0,0.0,0.0,80959.47949613356,66.08901387541293,1.6732199029120582,99200.97487854092,80.97994488123649,1.8329174820331313,0.7490152659241908,17860.89403436383,14.580321660705168,0.0,0.0,0.0,4.8075839095883985,0.0,3.0,16509.693258584593,1.0635853759547758,0.263392760369837,26.3392760369837,Moderate,Strengthen storm-water drainage capacity; Improve drainage near historically flooded locations; Protect and maintain water-body storage capacity; Regularly inspect drains and remove blockages
19058,172,13,South,Saidapet,23,8376088.209682931,4208090.955698831,52,1.428074562865699,42.66117484962507,27448.46290099678,22185.749906611596,958.0117772959908,789.8053733097491,877.9092325765928,0.2268199805405317,0.11363009501019632,1.2855456132610863,1.3003553976115325,1.2732764463648103,37509.69857301451,25.826756704590498,0.7897765766865666,45321.377467793805,32.21148824241706,0.9139911076143369,0.28543664128070434,2407.0862687953386,1.9649683826900726,0.0,0.0,0.0,3.0547345895584193,29.0,1.7140972208847467,1667.7146058863418,0.019910423149059355,0.17199322395415928,17.199322395415926,Low,Strengthen storm-water drainage capacity; Improve drainage near historically flooded locations; Improve flood-water evacuation and pumping facilities; Increase road and low-lying area flood protection; Continue routine drainage maintenance
19084,198,15,South, , ,6300400.037680157,6300400.037680145,74,1.9607867971112682,89.03987776409446,47936.079953783235,34003.03381280039,11804.842001061845,7770.738560829622,7559.155932540611,0.11528388615131255,0.01944320983864152,0.12638086395116988,0.12638086395116988,0.12638086395116988,68120.6433716482,55.26123218479607,1.459674625936312,75623.63793947056,61.469462894695575,1.6651774629956693,0.7854642390418909,13545.02173220455,11.057160597717997,0.0,0.0,0.0,5.0,6.5,3.0,15329.894493370233,0.2433162085214955,0.21321498812902517,21.32149881290252,Low,Strengthen storm-water drainage capacity; Improve drainage near historically flooded locations; Improve flood-water evacuation and pumping facilities; Increase road and low-lying area flood protection; Protect and maintain water-body storage capacity; Continue routine drainage maintenance
19063,177,13,South,Velachery,26,2780309.0420505595,2412271.896730102,34,2.666985148006414,82.70908615734035,6527.686854459352,56057.214406299805,6986.1960718980745,12037.519781803063,19710.01342828166,0.5032602374181465,1.0570990095594541,1.6577641490737562,1.7841242552337058,1.512199291660497,58699.77241940123,45.58058064821563,0.9862483080134701,80862.50058165872,54.41860960827364,1.3435565397928906,0.6489280602182567,2384.343823921664,1.9464031215687052,0.0,0.0,0.0,4.873364464615799,9.5,2.487612225418905,31747.533210084723,1.1418706600569117,0.472901581196618,47.290158119661804,Moderate,Strengthen storm-water drainage capacity; Improve drainage near historically flooded locations; Improve flood-water evacuation and pumping facilities; Increase road and low-lying area flood protection; Regularly inspect drains and remove blockages
19062,176,13,South,Velachery,26,1786223.7537804425,1786223.753780429,26,3.043217475528919,94.26419451433921,23311.03759151353,23903.638583395543,9107.29261497771,33030.70275751121,26120.96673266754,0.2935782457391764,0.19562526897886423,0.7843566348879992,0.7918275853982588,0.781866318051246,111219.86865856503,86.69772488517111,1.4431546805982898,113535.21649209727,89.10344975032304,1.6984677024608288,0.5840635706341255,4036.908032926538,3.2954351289196224,0.0,0.0,0.0,4.981517525436721,8.0,3.0,59151.66949017875,3.3115486995953085,0.39629859533019407,39.629859533019406,Moderate,Strengthen storm-water drainage capacity; Improve drainage near historically flooded locations; Improve flood-water evacuation and pumping facilities; Increase road and low-lying area flood protection; Regularly inspect drains and remove blockages
19061,175,13,South,Velachery,26,1436557.8125023434,1436557.8125023448,23,2.1128215081908213,88.66628004566871,5434.709158864727,85525.58280095918,14668.585996207434,2974.6533308988182,12.661769014014919,0.4597476414140481,0.07163710052729506,0.30445767724100403,0.34027622750465153,0.2686391269773565,52350.16723924318,42.73483039938219,0.8537011953830752,70153.8221445746,57.26842624046904,0.9127614547035209,0.5401461290818995,8199.059995086747,6.693110200070812,0.0,0.0,0.0,2.726388668925046,9.5,1.496195405566954,2987.3150999128334,0.2079495216909664,0.25225602268648145,25.225602268648146,Moderate,Strengthen storm-water drainage capacity; Improve drainage near historically flooded locations; Improve flood-water evacuation and pumping facilities; Increase road and low-lying area flood protection; Protect and maintain water-body storage capacity; Regularly inspect drains and remove blockages
19066,180,13,South,Velachery,26,1820715.3334077667,1820715.3334077566,26,1.6813533793435396,69.61594991288173,27465.3223536794,51345.79054383721,5523.917499035289,909.3793341174088,35.128912610816556,0.4334738180750673,0.0,0.0,0.0,0.0,31035.661234482064,25.335200917916183,0.8146344229046908,56726.43604034454,45.273451371393676,0.9759116897140627,0.1980916298495013,619.2225925545663,0.5054878306567889,0.0,0.0,0.0,3.967390124179612,0.0,1.3796211464981418,944.5082467282253,0.05187566828255484,0.18733902869915567,18.733902869915568,Low,Strengthen storm-water drainage capacity; Improve drainage near historically flooded locations; Continue routine drainage maintenance
19079,193,15,South, , ,2081865.9382523801,2081865.9382523792,31,2.416589618671942,88.36845975582,28395.38498060042,40817.92647119676,9264.677852193125,5699.778601760934,24073.595295128267,0.10206080398285228,0.0,0.0,0.0,0.0,78747.26862693635,59.885366267573666,1.5577218781050683,82902.25554708125,63.85335587800251,1.8246369426417661,0.47050971934513824,5188.550136783638,4.235551132068277,0.0,0.0,0.0,4.708479820277,0.0,3.0,29773.3738968892,1.4301292580771279,0.2653454589756215,26.53454589756215,Moderate,Strengthen storm-water drainage capacity; Improve drainage near historically flooded locations; Regularly inspect drains and remove blockages
19085,199,15,South, , ,8074688.690160083,8074688.690160098,84,1.9008815286232736,100.10828769196249,67770.56912162974,24853.802166698482,8917.002064192324,16647.061929454867,4444.21714067865,0.01517086350948487,0.0,0.0,0.0,0.0,13.516794195082824,0.011034117710271693,0.002610756234181244,10.198008182574485,0.008324904638836316,0.002012361841707528,1.0310276488660268,13515.96967164351,11.03344462991307,0.0,0.0,0.0,4.900268983720763,0.0,1.42036046436053,21091.279070133518,0.2612023804191438,0.10352078676549487,10.352078676549487,Low,Strengthen storm-water drainage capacity; Improve drainage near historically flooded locations; Protect and maintain water-body storage capacity; Continue routine drainage maintenance
19078,192,15,South, , ,2553064.3070060113,2449449.4542426444,28,2.1357336871994437,76.43155916762898,26852.767322372565,44033.78150102178,7504.187770796796,3522.38958490244,11715.533801251891,0.27718329741604864,0.0,0.0,0.0,0.0,65345.01780264601,51.43216071233264,1.3495156181182228,57145.19908720419,46.64914211200341,1.2646984981998228,0.47182842459599345,4167.497068859914,3.4020384235591137,0.0,0.0,0.0,4.148540670169477,0.0,3.0,15237.923386154333,0.5968483968202081,0.23063156634366963,23.063156634366962,Low,Strengthen storm-water drainage capacity; Improve drainage near historically flooded locations; Continue routine drainage maintenance
19086,200,15,South, , ,7517039.191167405,7517039.191167421,83,2.174785924337365,101.9635154463534,43970.47355955544,49965.62837955869,8019.707278848512,9467.843648328251,13481.653555492025,0.03259261974952544,0.0,0.0,0.0,0.0,0.0,0.0,0.0,0.0,0.0,0.0,0.8511846883984772,7224.977926363174,5.897941164378101,0.0,0.0,0.0,4.592411602996432,0.0,0.0,22949.497203820276,0.30529968808445435,0.13668904603756787,13.668904603756788,Low,Strengthen storm-water drainage capacity; Improve drainage near historically flooded locations; Protect and maintain water-body storage capacity; Continue routine drainage maintenance
19080,194,15,South, , ,4513315.787923006,4309785.019349685,53,1.7023816705422652,80.82698503500298,24094.82160799897,70554.09000549755,181.39945018661263,681.4969304241783,3501.2486737713366,0.09238645218953015,0.0,0.0,0.0,0.0,76409.52436320715,62.37391338095088,1.8186441330137524,77610.66000314703,63.35551224222541,1.8325302043930356,0.3863244114754107,3520.409135657784,2.873803376047171,0.0,0.0,0.0,3.134515683997726,0.0,3.0,4182.745604195515,0.09267566908098807,0.18408698673062618,18.408698673062617,Low,Strengthen storm-water drainage capacity; Improve drainage near historically flooded locations; Continue routine drainage maintenance
19083,197,15,South, , ,8472956.548179246,8472956.54817932,97,1.3371875887890285,93.64721271952409,84458.30675104231,18250.374683872007,9566.934547069635,1471.64398326405,970.5756161690198,0.024583213638297394,0.0,0.0,0.0,0.0,17848.1847003825,14.569570504025396,0.5104997107823124,18975.464185187826,15.490173027903566,0.5420811542203722,0.6701880077456751,5927.026971225009,4.838389364265313,0.0,0.0,0.0,3.4852394887238907,0.0,3.0,2442.2195994330696,0.028823700269746788,0.06860968274717384,6.860968274717385,Low,Strengthen storm-water drainage capacity; Improve drainage near historically flooded locations; Continue routine drainage maintenance
18890,004,01,North, , ,2080903.0048846798,2080903.004884696,29,1.3902991821455157,80.26758074895415,59188.05391712799,36069.12675211471,0.0,1455.1664218732474,1615.4393263528816,0.3173396069743327,0.0,0.0,0.0,0.0,81955.72857453329,66.89734090931374,1.6724874820292808,92871.46825058019,75.81344346986135,1.982124979388692,0.8277173894706565,6940.989996532542,5.666114282883708,0.5938384320795609,6403.53276004334,5.227373681668033,3.5646362975276498,0.0,3.0,3070.605748226129,0.14756121457935503,0.18857600138521258,18.857600138521256,Low,Strengthen storm-water drainage capacity; Improve drainage near historically flooded locations; Protect and maintain water-body storage capacity; Maintain river channels and prevent encroachment; Continue routine drainage maintenance
19071,185,14,South, , ,945483.250811339,919521.2127484158,16,1.8377924962074175,78.8428290627347,30835.390488417306,52974.83088910346,10145.253393996847,2626.990830332405,0.0,0.21639463684033972,0.5632409107020817,2.755830142111709,3.621821391589464,1.9786703847017537,51689.653958238734,42.19563588427652,0.8449371457883594,67089.6179241104,54.76703504009012,0.8983960637760731,0.9869757450775971,545.9146103244082,0.44564457985665973,0.0,0.0,0.0,2.4765391543094344,15.0,1.8234572800917987,2626.990830332405,0.277846363547755,0.32024753735623807,32.024753735623804,Moderate,Strengthen storm-water drainage capacity; Improve drainage near historically flooded locations; Improve flood-water evacuation and pumping facilities; Increase road and low-lying area flood protection; Regularly inspect drains and remove blockages
19072,186,14,South, , ,2385093.63143775,2184737.56391815,30,2.6575676248189692,80.27522717995302,20595.442270903764,33174.84279023615,1880.3768847927615,14469.855375752946,28216.635973756813,0.31185012360067593,0.11915828683606228,0.8922910109028057,0.8922910109028057,0.8922910109028057,93212.56021940235,60.683172655504556,1.3551168390020174,83234.9919114284,67.68326326647299,1.5957617191531355,0.7044701051546024,3499.8741821256567,2.857040148674006,0.0,0.0,0.0,4.981517525436721,14.0,3.0,42686.49134950976,1.7897197320416331,0.34601257694510523,34.60125769451052,Moderate,Strengthen storm-water drainage capacity; Improve drainage near historically flooded locations; Improve flood-water evacuation and pumping facilities; Increase road and low-lying area flood protection; Regularly inspect drains and remove blockages
19070,184,14,South, , ,3117236.4438385554,3117236.44383857,41,2.314005421847457,87.64463271062735,23347.79004707037,50801.82632032746,14988.165086032497,4813.2779932136655,13413.615623874512,0.07927645682453766,0.10987275499069576,0.4087462095978464,0.5050844011243835,0.30422292846178767,64753.95712989788,46.867825437514234,0.9583132695215053,74451.07644144131,59.46171996091612,1.349016699810549,1.062681665240124,10106.311391802737,8.250050115757336,0.0,0.0,0.0,5.0,17.0,3.0,18226.89361708818,0.5847132210042957,0.25054605212253744,25.054605212253744,Moderate,Strengthen storm-water drainage capacity; Improve drainage near historically flooded locations; Improve flood-water evacuation and pumping facilities; Increase road and low-lying area flood protection; Protect and maintain water-body storage capacity; Regularly inspect drains and remove blockages
92160,181,14,South,Velachery,26,1625363.9418276842,1581252.3896124766,23,1.885541424403128,69.66277517076394,20482.085509753204,52111.75568038332,6697.889139862773,6017.771165060686,27.398089125860523,0.11308981186436266,0.0,0.0,0.0,0.0,25723.37135096553,20.998670490584107,0.7118371159078826,49020.788374533855,36.72157305710481,0.9084461501275609,0.5696248499641652,2680.5771588165385,2.1882262520951334,0.0,0.0,0.0,2.9714618375817152,0.0,1.3495934585989868,6045.169254186547,0.3719271172823542,0.16124484409640846,16.124484409640846,Low,Strengthen storm-water drainage capacity; Improve drainage near historically flooded locations; Continue routine drainage maintenance
19069,183,14,South, , ,1540296.3459566482,1440592.5183408435,20,1.847964189439206,72.6495997466638,32682.73580681696,42053.55796842566,9141.82840067253,5104.765639913685,12.871873834330842,0.16951445138204807,0.0,0.0,0.0,0.0,51582.504782081276,40.780508995052216,0.8626132805916266,60999.67170723253,46.096869625582436,1.0654682667643536,0.3451927108826684,1271.3735721049804,1.0378559772285554,0.0,0.0,0.0,2.9714618375817152,0.0,1.9078626314878777,5117.637513748015,0.33225018855508287,0.17294329635747044,17.294329635747044,Low,Strengthen storm-water drainage capacity; Improve drainage near historically flooded locations; Continue routine drainage maintenance
19075,189,14,South, , ,10198223.009991428,10194969.753203902,110,2.6068709878004523,93.38184349784161,24978.100531056152,51838.623869038,3063.957081005169,4304.018488139833,30208.05831561681,0.03160131049408922,0.03421710990963648,0.3545979949665159,0.38086102922619114,0.3283349607068406,112569.80734004627,79.81827781849906,1.8059546819058696,97253.29307963757,78.78376004777199,2.2702384542845198,0.7976891056011317,58471.57118227273,47.731894842671615,0.0,0.0,0.0,5.0,60.0,3.0,34512.076803756645,0.33841265061515513,0.31252247291056545,31.252247291056545,Moderate,Strengthen storm-water drainage capacity; Improve drainage near historically flooded locations; Improve flood-water evacuation and pumping facilities; Increase road and low-lying area flood protection; Protect and maintain water-body storage capacity; Regularly inspect drains and remove blockages
19076,190,14,South, , ,3064474.0682149827,3055125.553115761,41,2.186826833957365,72.26206254004954,15458.186966660309,55778.62881874316,2362.3289318490033,324.5998273413948,14597.28206696682,0.0729250358219031,0.16279688802102463,0.604672142020659,0.6127193851151667,0.5966248989261513,43613.3570383263,35.60270405567902,0.9969699521679297,49420.28172837316,40.33318885627151,1.109021077826932,0.8311005540088604,24998.998563756413,20.407345766331765,0.0,0.0,0.0,4.998872302028479,8.5,3.0,14921.881894308215,0.48693125026181155,0.23112422480718822,23.112422480718823,Low,Strengthen storm-water drainage capacity; Improve drainage near historically flooded locations; Improve flood-water evacuation and pumping facilities; Increase road and low-lying area flood protection; Protect and maintain water-body storage capacity; Continue routine drainage maintenance
19077,191,14,South, , ,4161778.063921273,3432840.983535981,46,2.500249577002098,73.45777265636481,20916.958225583796,32769.18362768055,1124.6508653796557,13005.925041300794,22169.053744102097,0.03751536257484132,0.03537633044043484,0.10612899132130452,0.10612899132130452,0.10612899132130452,60679.157487700606,49.53400611240866,0.8770636153706828,64040.445885725385,52.26775908549543,1.198764842860467,0.8127093517171351,51654.227350284746,42.166716204314056,0.0,0.0,0.0,5.0,6.0,3.0,35174.97878540289,0.8451911237251473,0.24029062024056874,24.029062024056874,Low,Strengthen storm-water drainage capacity; Improve drainage near historically flooded locations; Improve flood-water evacuation and pumping facilities; Increase road and low-lying area flood protection; Protect and maintain water-body storage capacity; Continue routine drainage maintenance
19011,125,09,Central,Mylapore,25,1238767.2341237632,1238767.2341237583,18,1.9668748825563431,83.59863027783484,23923.940222402904,58617.195421973905,12340.623719664312,7016.6657985459715,509.89692776059013,0.2904423322801321,0.0,0.0,0.0,0.0,32860.204092692,23.733500444484086,0.5363293143212119,45780.455028473065,30.099844548093106,0.6483654332390313,0.2500749358002794,715.1359168670054,0.5837844219322493,0.1013280712876167,392.1577786012964,0.32012879885820117,2.6319117101090557,0.0,1.407051916542601,7526.562726306562,0.6075849052974382,0.1826080818218045,18.260808182180448,Low,Strengthen storm-water drainage capacity; Improve drainage near historically flooded locations; Continue routine drainage maintenance
92161,182,14,South, , ,3279671.781223865,3279671.7812238266,47,1.7506714274581374,76.43838212379207,35555.95959558156,48397.319717614446,6438.783548517208,1686.0397776966242,1558.915462235428,0.12817124771426244,0.48424844935118705,1.8924147413075059,2.4119765978007552,1.4416086396065733,35779.05725762324,29.207085473666925,0.857508204826575,60316.26813594507,48.93067932996971,1.0946136253834893,1.4543462298855454,8324.406800142837,6.795434122565581,0.0,0.0,0.0,4.148540670169477,29.0,2.9764997667881588,3244.9552399320523,0.0989414629387439,0.26771192260408,26.771192260408,Moderate,Strengthen storm-water drainage capacity; Improve drainage near historically flooded locations; Improve flood-water evacuation and pumping facilities; Increase road and low-lying area flood protection; Protect and maintain water-body storage capacity; Regularly inspect drains and remove blockages
19012,126,09,Central,Mylapore,25,1040025.3134640364,1040025.3134640309,16,2.094008232996665,101.41639255059326,37639.42572471712,57671.79213321726,14802.798442517804,8977.253496728887,5143.8110772956625,0.5472427118355406,0.0,0.0,0.0,0.0,43580.438913655125,34.018471574816026,0.6985801406961842,91687.90016094733,69.23074446473315,1.2862940815999773,0.433600575481744,1175.9845306404302,0.9599873719513714,0.12402395011035712,197.83660080158896,0.16149926596048078,3.406300472839714,0.0,2.439181207862788,14121.064574024549,1.3577616228388896,0.26551225251718247,26.551225251718247,Moderate,Strengthen storm-water drainage capacity; Improve drainage near historically flooded locations; Regularly inspect drains and remove blockages
19001,115,09,Central,Chepaulk Triplicane,19,851967.7988807335,851967.7988807312,16,2.1437419965346183,99.98735568098218,33222.75236104843,58192.061803140045,11990.344354601439,17541.490112348638,1537.8620780645954,0.7298724069709192,0.0,0.0,0.0,0.0,54299.52099684744,42.55795463766373,1.0216766354994038,107010.50834076252,82.4893329466258,1.0463671123451264,0.0264313388167113,28.946936466646058,0.02363015221767025,0.0,0.0,0.0,3.0183595928744054,0.0,1.2709724109763911,19079.352190413232,2.2394452249813424,0.2850873020934493,28.50873020934493,Moderate,Strengthen storm-water drainage capacity; Improve drainage near historically flooded locations; Regularly inspect drains and remove blockages
19002,116,09,Central,Chepaulk Triplicane,19,679910.4072654597,679910.4072654633,11,2.17732939194198,85.69511529540524,11622.489535294199,65662.08852008784,16176.510037132306,9478.441458041165,2036.9866863159148,0.2514733761786895,0.0,0.0,0.0,0.0,45701.33856654587,37.031574674936195,0.895744834530099,62694.380383802345,50.00188918597556,0.900177032658572,0.6156148187764385,1728.5432727666189,1.4110557328707094,0.4354440217258629,1079.6719032331291,0.8813648189658196,3.2434646812435353,0.0,1.3433690045656244,11515.42814435708,1.693668462977516,0.21334766720438558,21.33476672043856,Low,Strengthen storm-water drainage capacity; Improve drainage near historically flooded locations; Continue routine drainage maintenance
19000,114,09,Central,Chepaulk Triplicane,19,1759302.7598932125,1759302.759893196,27,1.7674816433229386,79.11122081248647,33777.39255562842,56889.650180660785,1012.463955835888,4998.508606903708,233.23019626712198,0.3486316854354487,0.0,0.0,0.0,0.0,43940.667398816986,35.86993257046285,1.0075407672395853,61962.15083774604,48.91696013062776,1.3008284947552937,0.4755661018245345,4773.346042107551,3.896609013965348,0.3671083916987492,4670.295360501381,3.8124860085725567,3.0183595928744054,0.0,2.9815595077446853,5231.73880317083,0.29737569464669,0.20123618055338582,20.123618055338582,Low,Strengthen storm-water drainage capacity; Improve drainage near historically flooded locations; Continue routine drainage maintenance
19010,124,09,Central,Mylapore,25,1024965.8501934957,1024965.8501934966,20,2.003525510204575,89.66481454544146,30990.2395150469,55344.71186296151,12655.265526392803,5131.011384847361,5718.169528917222,0.5319712884313574,0.0,0.0,0.0,0.0,56084.02133131723,40.69097831637886,0.9404634734760919,87473.05435378618,57.18621883444147,1.0237243188735108,1.1055295774710598,4789.269182491494,3.909607495911423,0.5706847303131547,1754.9721194916401,1.4326303016258288,3.3218802882433067,0.0,1.7006526741254784,10849.180913764583,1.0584919401672208,0.23998746885700573,23.998746885700573,Low,Strengthen storm-water drainage capacity; Improve drainage near historically flooded locations; Continue routine drainage maintenance
18966,080,07,Central, , ,1485293.4031808286,804373.6096243524,12,1.0728142260877578,38.90418173490789,42299.986819952086,5357.635805310073,0.0,0.0,0.0,0.0,0.0,0.0,0.0,0.0,38087.671213747366,31.091976501018262,1.2060970625521552,40059.70605531099,32.70180086147836,1.1868592385406378,0.4900003515593798,5395.651998959831,4.404613876701903,0.0,0.0,0.0,1.3635827919023833,0.0,1.9602205867009508,0.0,0.0,0.06775232580847287,6.7752325808472875,Low,Strengthen storm-water drainage capacity; Continue routine drainage maintenance
19009,123,09,Central,Mylapore,25,2240045.323428226,2240045.323428226,35,1.7337651634367082,90.94479815874315,36235.762548012906,68413.73249933631,5548.373439237976,1187.0063935710011,22.50286430218138,0.16814181109652898,0.0,0.0,0.0,0.0,39777.40467456244,32.44190144376232,0.904652977840454,59498.048608251134,47.84925802565043,0.968750530927422,0.3327591374141096,828.0643160917134,0.6759708702789496,0.2633292007983769,738.8022723197154,0.6031038957711963,2.8677656487460927,0.0,1.885093180864741,1209.5092578731826,0.05399485649790857,0.15505764176061093,15.505764176061094,Low,Strengthen storm-water drainage capacity; Improve drainage near historically flooded locations; Continue routine drainage maintenance
18967,081,07,Central, , ,1662260.692274051,409638.9044142194,10,1.0060944225964652,19.837097232814685,23805.736485515485,494.70762468250496,0.0,0.0,0.0,0.0,0.0,0.0,0.0,0.0,6208.626939580955,5.068266889453841,0.511073947075387,7064.975011289764,5.767326539828376,0.7663057421473682,0.04102071879875573,1865.0065887013445,1.5224543581235463,0.0,0.0,0.0,1.2603813202258711,0.0,1.7024868286708565,0.0,0.0,0.0391456625661239,3.91456625661239,Low,Strengthen storm-water drainage capacity; Continue routine drainage maintenance
92157,022,02,North, , ,2153210.877398112,2153182.2102742973,31,1.357878812108812,93.53382459407602,77980.85498871905,33971.68390434106,0.0,29.58929801004206,2596.8069366729937,0.0652677012957352,0.3458229576568187,2.296385898928869,2.4386195851874133,2.1541522126703243,118745.66856957885,78.82563159895844,1.0473644898057735,116599.94192849382,87.0939110380406,1.6592855300888232,0.22053416142734192,1612.6746806350602,1.3164691270490287,0.0,0.0,0.0,3.2032148246278243,15.0,2.4273387803744595,2626.396234683036,0.12197580191758597,0.2308010625102726,23.08010625102726,Low,Strengthen storm-water drainage capacity; Improve drainage near historically flooded locations; Improve flood-water evacuation and pumping facilities; Increase road and low-lying area flood protection; Continue routine drainage maintenance
18998,112,09,Central,Thousand Light,20,1060394.8348195078,1060394.8348194933,22,2.032070061812911,93.36029413454614,13363.378016664019,88802.061599697,7104.795733545685,3838.805973141158,1257.3189917711393,0.7288158657063,0.09566031441157248,0.41222788804044197,0.48154245879572466,0.3429133172851593,26309.12304726965,21.41536988826981,0.7532011433585603,48723.725222541856,38.60935042361704,0.9031645598926458,0.20623762175360488,392.84475433117206,0.3206895953723854,0.03219129259684623,99.70953241351263,0.08139553666409192,3.7248238161151837,12.0,2.235805091042883,5096.124964912297,0.48058749416482405,0.287090824260024,28.709082426002404,Moderate,Strengthen storm-water drainage capacity; Improve drainage near historically flooded locations; Improve flood-water evacuation and pumping facilities; Increase road and low-lying area flood protection; Regularly inspect drains and remove blockages
18993,107,08,Central,Anna Nagar,21,1247640.1188987389,1247640.1188987393,20,2.4947736904603977,100.05343498650292,30686.411903022745,37291.47600724316,20921.140896414105,30601.871896905905,3064.5571548801586,0.5422744428616871,0.0,0.0,0.0,0.0,107964.1350551812,82.52744519656672,1.5635026534042817,99714.09534602925,78.89832310421208,2.149895123034548,0.966959848549273,3011.5407947612002,2.458400648784653,0.452689844178284,2148.098271395964,1.7535496093028275,3.78472619937387,0.0,2.984448504097821,33666.429051786065,2.698408663028774,0.3531935431326708,35.319354313267084,Moderate,Strengthen storm-water drainage capacity; Improve drainage near historically flooded locations; Regularly inspect drains and remove blockages
19008,122,09,Central,Mylapore,25,1815592.9335302322,1815592.9335302312,26,2.1239175565219037,93.88834295039686,24982.49301022379,68891.69040898609,10651.71563539968,1641.5039647346855,8845.817094891912,0.4026713592826902,0.0,0.0,0.0,0.0,49392.35759888952,40.320291917460835,1.2884300284575718,77448.62243009752,63.223127335194896,1.332446985450384,0.47292456439381403,5346.312413714386,4.364336664256642,0.0493433808320797,201.26189347792518,0.16429542324728585,3.7294416924211853,0.0,3.0,10487.321059626598,0.5776251309391852,0.2505872737633301,25.05872737633301,Moderate,Strengthen storm-water drainage capacity; Improve drainage near historically flooded locations; Regularly inspect drains and remove blockages
18992,106,08,Central,Anna Nagar,21,884665.6097912195,884665.6097912169,16,2.6506533587085235,99.98059663573422,10717.633368549525,46826.83332338998,39467.21934427962,25437.34599024283,27.198852312462005,0.49907515816838527,0.0,0.0,0.0,0.0,96326.01771828563,74.30460001752921,1.0633105888751067,128114.12170835017,98.09264909925109,1.3047994760096127,0.6617219129355141,1917.7751461867958,1.5655307315810583,0.0,0.0,0.0,3.60854770809918,0.0,1.9982377517268366,25464.544842555293,2.8784372943540677,0.3221426742777659,32.21426742777659,Moderate,Strengthen storm-water drainage capacity; Improve drainage near historically flooded locations; Regularly inspect drains and remove blockages
19007,121,09,Central,Mylapore,25,924527.622668901,924527.6226689134,18,2.5165400035122483,144.7758200945244,38836.82681759136,47364.32014242395,48558.261781307236,37753.55185474377,4837.419019726067,0.3470102264450542,0.0,0.0,0.0,0.0,99283.21567405004,67.08334404587968,1.062765295851994,146113.8922980835,82.2164759991683,1.2198863307946086,0.3538797408383346,952.5575930127113,0.7775980351124174,0.3538797408383346,952.5575930127113,0.7775980351124174,3.3218802882433067,0.0,1.7006526741254784,42590.97087446984,4.60678186677856,0.28113569717279396,28.113569717279397,Moderate,Strengthen storm-water drainage capacity; Improve drainage near historically flooded locations; Regularly inspect drains and remove blockages
19006,120,09,Central,Chepaulk Triplicane,19,533650.6894989532,533650.6894989519,10,2.430095465942375,125.84378240120905,22466.46821692392,68381.43061304797,28873.219615222413,25654.998519234756,8782.51647705202,0.5356558591817115,0.0,0.0,0.0,0.0,87628.0246080181,63.11664166954224,1.0442701272487467,112411.44862488708,74.83105183596199,1.1592615723026918,0.45561720171284953,1346.2392493016307,1.0989708157564333,0.45561720171284953,1346.2392493016307,1.0989708157564333,3.2434646812435353,0.0,1.5828958597259615,34437.51499628677,6.45319413502872,0.2952609739590715,29.526097395907154,Moderate,Strengthen storm-water drainage capacity; Improve drainage near historically flooded locations; Regularly inspect drains and remove blockages
19045,159,12,South, , ,3368374.355416255,3368374.3554162555,45,1.809702577390399,74.16508115672364,31280.98677701777,41675.06329636963,7425.195798095685,8220.82803491507,2250.150510588295,0.0,0.032323254647231466,1.131313912653101,1.131313912653101,1.131313912653101,55801.86788182515,45.552545209653196,1.2486471132651782,69580.5684659312,56.80046405382138,1.573899174865357,0.06102251724687882,188.09170546239892,0.15354424935706032,0.0,0.0,0.0,3.3678294970697533,35.0,3.0,10470.978545503365,0.3108614851157002,0.20356530784152893,20.356530784152895,Low,Strengthen storm-water drainage capacity; Improve flood-water evacuation and pumping facilities; Increase road and low-lying area flood protection; Continue routine drainage maintenance
19005,119,09,Central,Chepaulk Triplicane,19,1386650.758888807,1386650.7588887988,25,1.892368236492556,99.84340431173919,31608.291206509115,69002.85813183276,13113.513745350527,8576.009944121743,7.497254066327929,0.4181156730673334,0.0,0.0,0.0,0.0,40624.763737247835,32.86590648290819,0.9415885656374124,74378.95616756687,55.53199668674553,1.0021882414391587,0.0,0.0,0.0,0.0,0.0,0.0,2.972548359917533,0.0,1.4470946569351169,8583.50719818807,0.6190100242015132,0.21018688143051975,21.018688143051975,Low,Strengthen storm-water drainage capacity; Improve drainage near historically flooded locations; Continue routine drainage maintenance
18971,085,07,Central, , ,4379043.589058978,4238978.779429727,51,1.2990244843186751,68.36902367442023,49091.000313108205,34281.881861224116,0.0,118.71116193327899,260.4606648991962,0.09612493940175156,0.011497361489406482,0.09192105930661527,0.09193806889739073,0.0919040497158398,60305.94224936918,48.96292195091906,1.053490999406944,70987.21178735599,56.665544921028186,1.3021866758263438,0.7880397234478481,33009.48511288092,26.946518459494627,0.0,0.0,0.0,2.40323207987375,10.0,3.0,379.1718268324752,0.00865878174357146,0.11621665962687772,11.621665962687771,Low,Strengthen storm-water drainage capacity; Improve drainage near historically flooded locations; Improve flood-water evacuation and pumping facilities; Increase road and low-lying area flood protection; Protect and maintain water-body storage capacity; Continue routine drainage maintenance
19004,118,09,Central,Thousand Light,20,1907306.3777918783,1907306.3777918736,31,1.9331527479159718,75.11306576555667,15729.42238485685,63215.44281628141,11460.092686266591,1608.5476754020672,0.0,0.08663604358332276,0.0,0.0,0.0,0.0,32029.333405463098,26.078632523211947,0.8444718477519211,42473.35570762488,34.3418240810918,0.9526327002351253,0.03009810214535278,69.7438354973752,0.056933743263163424,0.0,0.0,0.0,2.77489608111776,0.0,1.2535374919810398,1608.5476754020672,0.08433609272907223,0.16504401893290635,16.504401893290634,Low,Strengthen storm-water drainage capacity; Improve drainage near historically flooded locations; Continue routine drainage maintenance
18994,108,08,Central,Egmore,16,1530916.514835394,1530916.5148354112,25,2.5359207047758607,100.00208761533578,46014.660995336686,16601.27063289946,27491.66417675976,13010.233366208871,19384.728157581532,0.14676063912593518,0.0,0.0,0.0,0.0,116662.14271640126,88.53275434800295,1.4956602892583108,98652.65089034253,73.98184579465885,2.2779663580009184,0.3571180171871325,3139.5904252544606,2.5629309593913963,0.30473854748428975,2331.3432045017375,1.9031373097973365,4.443307098717317,0.0,2.9906326785135016,32394.961523790404,2.11605017059167,0.30788082664447725,30.788082664447725,Moderate,Strengthen storm-water drainage capacity; Improve drainage near historically flooded locations; Regularly inspect drains and remove blockages
18991,105,08,Central,Anna Nagar,21,1312336.174648901,1312336.1746489005,21,2.3678745198862683,96.87340479070662,26230.566504122875,48256.25322684829,20651.489912847806,18087.387346159016,5444.223878637632,0.6627349170958672,0.0,0.0,0.0,0.0,58145.72229777856,47.39230149289146,1.0873395439630058,96590.70044996515,75.571629353924,1.2367243029023745,0.18373596114555987,628.1532815729786,0.5127781890391662,0.04699998282348272,270.71244903096147,0.22098975431098894,3.5527919353603075,0.0,2.3058607505316306,23531.61122479665,1.793108479318741,0.31026554524706024,31.026554524706025,Moderate,Strengthen storm-water drainage capacity; Improve drainage near historically flooded locations; Regularly inspect drains and remove blockages
18983,097,08,Central,Villivakkam,14,741936.3143803341,741936.3143803335,15,1.8800053308841185,88.94344481373248,18857.9704013209,84522.55587205637,3331.37126272348,664.7289696405062,1579.0933910810313,0.4877397627993794,0.0,0.0,0.0,0.0,17289.098477795145,14.007956770203846,0.6160847475248981,28697.84244900467,23.39961670670177,0.9559729857752285,0.30958565920337894,393.82599823498833,0.3214906108040721,0.0,0.0,0.0,2.54841776507724,0.0,2.1427772467476522,2243.8223607215377,0.30242789269528886,0.2164000428216736,21.64000428216736,Low,Strengthen storm-water drainage capacity; Improve drainage near historically flooded locations; Continue routine drainage maintenance
18990,104,08,Central,Villivakkam,14,2284091.255601375,2284091.2556013768,32,3.2234376664174023,99.88350989921182,18676.445880253097,16365.389433282502,36668.13123862987,19973.64683545127,30673.686238917748,0.5158986187470698,0.0,0.0,0.0,0.0,96351.65699416402,74.94286225399603,1.1531433372182427,121191.05236327488,98.83062183046601,1.7941468886487735,0.2208473714520747,595.6423598602117,0.4862386611103769,0.044659157435668936,384.4613076870132,0.3138459654587863,4.630447997258129,0.0,3.0,50647.33307436902,2.2173953404954547,0.4134805331400582,41.348053314005824,Moderate,Strengthen storm-water drainage capacity; Improve drainage near historically flooded locations; Regularly inspect drains and remove blockages
18985,099,08,Central,Egmore,16,1298695.7098826196,1298695.7098826207,24,2.4599285569617586,99.96550118527176,27956.69053307033,43917.67176431004,31249.45220382825,4921.345780785113,14412.578669964185,0.4907801503592168,0.0,0.0,0.0,0.0,137556.78778293112,93.70702805830723,1.6084215743676245,125533.23654659378,98.80244971700078,2.144490314135879,0.3546270404940417,2870.559448753967,2.343313835717524,0.0,0.0,0.0,4.3484080829506615,0.0,3.0,19333.9244507493,1.4887185892449557,0.34166718436160376,34.16671843616037,Moderate,Strengthen storm-water drainage capacity; Improve drainage near historically flooded locations; Regularly inspect drains and remove blockages
18984,098,08,Central,Villivakkam,14,1436062.5404087002,1436062.5404087012,23,2.091345621567527,99.13890449600083,43436.72702144366,46005.792848056546,15687.500986109078,8890.903914508754,7424.233237482988,0.6546730651747585,0.0,0.0,0.0,0.0,71435.00525676669,56.32035430982813,1.2103936309717132,93893.2222602248,75.5924230376461,1.5907261158514552,0.1240499300198637,383.5140410664752,0.3130726865848777,0.0,0.0,0.0,3.7546252302347645,0.0,3.0,16315.137151991741,1.1361021329439098,0.29580244021855556,29.580244021855556,Moderate,Strengthen storm-water drainage capacity; Improve drainage near historically flooded locations; Regularly inspect drains and remove blockages
18986,100,08,Central,Anna Nagar,21,2204796.8666119655,2204796.8666119594,30,2.5337746410028363,99.2856174283232,37839.5973562949,20808.400529528015,33619.647994772014,18269.216698853612,11088.018770247372,0.4375487736097871,0.0,0.0,0.0,0.0,120427.82003299506,88.65601582125247,1.488247356661318,109587.3908270296,86.05692905247925,2.1278603691309534,0.18700149388752993,592.075157789868,0.48332665942030045,0.0,0.0,0.0,4.3484080829506615,0.0,3.0,29357.235469100982,1.3315165634380288,0.3415466169600948,34.154661696009484,Moderate,Strengthen storm-water drainage capacity; Improve drainage near historically flooded locations; Regularly inspect drains and remove blockages
18987,101,08,Central,Anna Nagar,21,1521425.0370909486,1521425.0370909437,28,3.6508594651381134,100.87446176874437,10390.21486290779,20792.06814273096,19979.646938484657,24204.798834174326,48204.486888414096,0.8436885758084776,0.0,0.0,0.0,0.0,135823.7595009015,93.55723645553293,1.8453559359580605,114152.10389288049,92.2522041429866,2.376761939379061,0.4723706512541057,1231.7584075588395,1.0055170673949712,0.09741165678417059,589.2316979076429,0.4810054676797086,4.835387729588973,0.0,2.993197450794358,72409.28572258842,4.759306831248098,0.5374773724224686,53.74773724224686,High,Strengthen storm-water drainage capacity; Improve drainage near historically flooded locations; Increase drainage monitoring during heavy rainfall
18982,096,08,Central,Villivakkam,14,2750964.2433300246,2750964.243330036,35,1.3495460222976592,98.85561830252142,84951.49817561911,35218.386730559876,746.0646846301597,112.91319880686132,69.26963097274957,0.10546848139214289,0.010681832643278252,0.12818199171933903,0.12818199171933903,0.12818199171933903,32134.90395191234,25.68455459562744,0.980662730449346,82558.50810293242,59.55845124068683,1.0887364808068172,0.7432888959883388,10531.755853812385,8.597351717397862,0.0,0.0,0.0,2.54841776507724,12.0,1.9227656976444554,182.18282977961087,0.006622508097709032,0.11341707524552343,11.341707524552342,Low,Strengthen storm-water drainage capacity; Improve drainage near historically flooded locations; Improve flood-water evacuation and pumping facilities; Increase road and low-lying area flood protection; Protect and maintain water-body storage capacity; Continue routine drainage maintenance
18988,102,08,Central,Anna Nagar,21,1788838.839496255,1788838.8394962628,27,3.5928084617300016,101.54655902007106,19355.28394166239,21514.880997500873,6762.393565778387,20445.41735385772,56316.55894078767,0.46186465824287765,0.0,0.0,0.0,0.0,134240.53370117774,96.06233275332235,1.9841789681848074,117411.92148586958,95.84513252395273,2.5347721707093376,0.33243093984838906,1649.87084503244,1.3468333428836243,0.17920379319427163,1396.1548488431952,1.1397182439536286,4.991202882321343,0.0,3.0,76761.97629464538,4.291162210915652,0.48446854629711145,48.44685462971115,Moderate,Strengthen storm-water drainage capacity; Improve drainage near historically flooded locations; Regularly inspect drains and remove blockages
18904,018,02,North, , ,8073370.104110201,8073370.104110194,92,1.4045935280665864,94.10432583486639,78692.61414266801,31308.745518878015,430.9586896726204,3275.7514414992365,1569.7293549934489,0.07531846861921447,0.0,0.0,0.0,0.0,101993.47200576626,75.83199836299892,1.4236974528692898,104114.72958996336,80.9789284258591,2.126237505457227,0.46884314978248776,4016.975088815102,3.2791633378082468,0.0,0.0,0.0,3.414434363875894,0.0,3.0,4845.480796492686,0.06001806846469014,0.16292472898785718,16.292472898785718,Low,Strengthen storm-water drainage capacity; Improve drainage near historically flooded locations; Continue routine drainage maintenance
18906,020,02,North, , ,637563.167191886,637563.1671918812,18,1.2145470162826861,77.85146998208069,70351.03836688929,25007.365354225603,0.0,9.647006933952818,0.0,0.7040544302643013,0.0,0.0,0.0,0.0,116675.84348583892,70.01902438411742,1.2724818305258923,147583.83066321476,75.70461811796369,1.4020143920636414,1.2582718653657943,21968.671781756868,17.93360961776071,0.0,0.0,0.0,1.6108315160449858,0.0,1.7834701528426387,9.647006933952818,0.001513106062328312,0.19481761590277985,19.481761590277983,Low,Strengthen storm-water drainage capacity; Improve drainage near historically flooded locations; Protect and maintain water-body storage capacity; Continue routine drainage maintenance
18981,095,08,Central,Villivakkam,14,2338627.9386244877,2338627.938624485,35,1.4084511187912572,95.99256248307326,84706.5998209807,25013.711891436396,3131.031481685968,1363.5170074284003,3376.028840233256,0.5218923528527659,0.3070956451420906,2.069762159088286,2.0959527296311253,2.0435715885454466,43365.35490076511,34.23585517290356,0.9239974308444967,60167.680691262336,48.9234685820276,1.1717416595372063,0.47174505123931965,1185.3901888238174,0.9676654602643409,0.0,0.0,0.0,3.959837348160612,12.0,3.0,4739.545847661656,0.20266352630890563,0.26423652899485234,26.423652899485234,Moderate,Strengthen storm-water drainage capacity; Improve drainage near historically flooded locations; Improve flood-water evacuation and pumping facilities; Increase road and low-lying area flood protection; Regularly inspect drains and remove blockages
18907,021,02,North, , ,1869769.5570237022,1869769.557023718,29,1.0796365600734772,92.70672496752118,109859.27945695691,525.7713649164696,347.72871010696196,2822.245708956809,10.712844276303036,0.3224277972702772,0.0,0.0,0.0,0.0,45016.93230189829,35.05416220741906,0.9081907966148164,94001.77481486695,60.51123828330667,1.114202127518005,0.2731684438815235,732.7492169569496,0.5981626260873057,0.0,0.0,0.0,2.3357055356884913,0.0,1.6951761329654031,2832.958553233112,0.15151378107485144,0.11082231667694939,11.08223166769494,Low,Strengthen storm-water drainage capacity; Improve drainage near historically flooded locations; Continue routine drainage maintenance
19039,153,11,South, , ,2265689.3006082806,2020689.3006082862,28,1.0531108413870285,46.011793594473524,53254.86820029236,2550.133850999489,559.4451019382141,0.0,0.0,0.31912977176116536,0.0,0.0,0.0,0.0,39065.583997258414,31.8902726508232,0.9246320957255695,51722.36170358459,42.222336084558854,0.9261973956057215,0.3952294255664791,35249.54332533147,28.77513740843385,0.0,0.0,0.0,1.9999349890785731,0.0,1.0,0.0,0.0,0.09793495508009875,9.793495508009876,Low,Strengthen storm-water drainage capacity; Improve drainage near historically flooded locations; Protect and maintain water-body storage capacity; Continue routine drainage maintenance
18989,103,08,Central,Anna Nagar,21,2446543.9656599346,2446543.9656599285,32,3.4240558707610274,100.34077598442232,19162.33339768611,28307.57408126309,7231.148353366099,18305.06689256361,49911.32785603842,0.45023899332576833,0.0,0.0,0.0,0.0,131878.0018707492,96.85698938948669,1.8193429709373523,117242.79145899699,95.6994118018016,2.44821843914004,0.5183578119580746,3145.3231011304683,2.5676106948003823,0.3488691369069377,2930.769001638294,2.392464491133301,5.0,0.0,3.0,68216.39474860203,2.788275857948918,0.45950010127693885,45.950010127693886,Moderate,Strengthen storm-water drainage capacity; Improve drainage near historically flooded locations; Regularly inspect drains and remove blockages
18965,079,07,Central, , ,2091727.1628439012,966003.7721939534,13,1.256420818976528,43.645732425397846,35989.30864693113,17476.713574181227,0.0,0.0,0.0,0.3804332970308668,0.0,0.0,0.0,0.0,48529.92386915984,39.61626438298762,1.6063406383176233,49208.422452568375,40.17014077760684,1.5968970712919095,0.48909860495755336,10371.055103194107,8.46616743117886,0.0,0.0,0.0,1.7964321388386715,0.0,2.958373133375605,0.0,0.0,0.16318539960247608,16.31853996024761,Low,Strengthen storm-water drainage capacity; Improve drainage near historically flooded locations; Protect and maintain water-body storage capacity; Continue routine drainage maintenance
19032,146,11,South, , ,1080572.1540369573,1080572.1540369566,15,1.2032274270640348,94.56103717785822,94191.69906959869,20739.216761171894,496.9526592854873,337.9146421751953,71.48741064508081,0.3694405276764027,0.0,0.0,0.0,0.0,45910.37496661256,37.477857115602085,1.0013500842468568,77726.19721752884,50.598079041326294,1.115546218443699,0.407208516247115,4279.478081354951,3.493451494983633,0.14641188992905924,354.86090374019415,0.28968237040015843,3.1025804156152925,0.0,2.3802211622962726,409.40205282027614,0.037887525723365435,0.1314810829442293,13.148108294422931,Low,Strengthen storm-water drainage capacity; Improve drainage near historically flooded locations; Continue routine drainage maintenance
18980,094,08,Central,Villivakkam,14,1501550.37628829,1501550.3762882894,25,1.7228210035764235,84.23068147837557,36028.07005612222,54710.27935176108,12293.360416863683,69.09454743604297,81.78043882703444,0.6844862781152821,0.07422250978663537,0.5063801962978135,0.5063801962978135,0.5063801962978135,38892.260693272874,31.74878423940643,0.9603562578188625,42272.13890290057,34.50786849216372,0.9800857132309095,0.45265710944049226,9360.06806579278,7.640871890443087,0.0,0.0,0.0,2.572956317361806,12.0,1.2833965619870347,150.8749862630774,0.010047947018336346,0.24855455854114694,24.855455854114695,Low,Strengthen storm-water drainage capacity; Improve drainage near historically flooded locations; Improve flood-water evacuation and pumping facilities; Increase road and low-lying area flood protection; Protect and maintain water-body storage capacity; Continue routine drainage maintenance
18901,015,02,North, , ,8704598.13567961,8643961.057360005,97,1.9300286231816113,93.11341260307205,20229.453982160074,86112.8020847122,3833.550174642563,1006.0361328443672,2882.0880644040353,0.04168924713560751,0.0,0.0,0.0,0.0,103544.88232428241,83.57573497874539,2.6465630058323955,114665.76993006044,93.6046093270421,2.7549745501085194,0.8146749949041046,9852.922419588109,8.043201975173966,0.4042031574037861,9105.986768495002,7.433458586526533,3.584564619809406,0.0,3.0000000000000004,3888.1241972484027,0.044667475013133826,0.24874642105607137,24.874642105607137,Low,Strengthen storm-water drainage capacity; Improve drainage near historically flooded locations; Protect and maintain water-body storage capacity; Maintain river channels and prevent encroachment; Continue routine drainage maintenance
18902,016,02,North, , ,10025090.833131349,10025090.83313128,111,1.8351141669803768,98.51940275890405,39742.290550897094,73731.5509826649,306.60705625501896,510.58362441350175,6395.236165426947,0.024714046350953648,0.0,0.0,0.0,0.0,110545.2748066077,89.9601689678596,2.3269866912241737,119565.33917122977,97.60398893672696,2.804299451481507,0.5246804786821561,5549.326319699131,4.530062301795208,0.188520062741436,2241.020178957114,1.829404227720093,4.976181917272703,0.0,3.0,6905.819789840449,0.06888535879413482,0.23813460936829145,23.813460936829145,Low,Strengthen storm-water drainage capacity; Improve drainage near historically flooded locations; Continue routine drainage maintenance
18968,082,07,Central, , ,3877410.7075143345,3258931.2704866556,41,1.145259249083762,79.69959701540948,73751.56004376292,23880.446300113694,0.0,0.0,0.0,0.07517801992903464,0.11276702989355196,1.0149032690419677,1.0149032690419677,1.0149032690419677,63812.901053579066,49.60308328105895,1.0248336035933827,82079.74472856856,55.793464675614956,1.0863692034240027,0.496315825440245,7316.79817256843,5.972896467402802,0.0,0.0,0.0,1.91816449246055,10.0,1.869370681816738,0.0,0.0,0.1194549544944378,11.94549544944378,Low,Strengthen storm-water drainage capacity; Improve drainage near historically flooded locations; Improve flood-water evacuation and pumping facilities; Increase road and low-lying area flood protection; Protect and maintain water-body storage capacity; Continue routine drainage maintenance
18972,086,07,Central, , ,6249693.373842798,6246232.374255762,75,1.3706781020053325,78.09805946425702,72187.49691295344,11426.857413938615,1544.0711943792578,3031.0612535805803,7480.63606886297,0.03562029520200106,0.049965902067611846,0.23760042703835127,0.2852847768920405,0.18991607718466197,43256.301514735605,33.68279522554513,0.8478491614902477,62650.6291898383,48.45838123052394,1.0200532410234384,0.2179263248928055,2062.1883772009473,1.6834190834293445,0.0,0.0,0.0,4.414709414168458,10.0,3.0,10511.69732244355,0.16819540885699708,0.11028355069912289,11.028355069912289,Low,Strengthen storm-water drainage capacity; Improve drainage near historically flooded locations; Improve flood-water evacuation and pumping facilities; Increase road and low-lying area flood protection; Continue routine drainage maintenance
18969,083,07,Central, , ,6638326.768449729,5601024.348979927,63,1.3157547747580745,120.15160685724342,100729.76458457821,41716.94905496203,563.8019897176403,285.8202666757574,3889.382504189515,0.13615607244033803,0.054576417015338115,0.5276223829271461,0.5276223829271461,0.5276223829271461,101596.17617386444,74.41683301762703,1.0469171741666854,127085.87488132252,85.39413432194635,1.1317965495133067,0.6855356209025298,38071.38062673143,31.078678062637902,0.0,0.0,0.0,3.513806747957626,13.0,1.4986790053032886,4175.202770865272,0.06289540898632685,0.1310206496428895,13.102064964288951,Low,Strengthen storm-water drainage capacity; Improve drainage near historically flooded locations; Improve flood-water evacuation and pumping facilities; Increase road and low-lying area flood protection; Protect and maintain water-body storage capacity; Continue routine drainage maintenance
18970,084,07,Central, , ,3133219.4258616534,3133219.4258616115,39,1.1344404839800692,75.86424812552961,79872.39843588421,13061.305517889572,0.0,0.0,0.0,0.6796410893411987,0.0021269795113473557,0.007976173167552584,0.01063489755673678,0.00531744877836839,51453.80708472426,42.00310782426469,0.9749139459215578,71904.57354390244,58.64240213004375,0.9915008758594621,0.5207164102231998,2120.9353959552113,1.7313758334328258,0.0,0.0,0.0,1.687100787005695,10.0,1.1512504579627143,0.0,0.0,0.162215856461538,16.221585646153798,Low,Strengthen storm-water drainage capacity; Improve drainage near historically flooded locations; Improve flood-water evacuation and pumping facilities; Increase road and low-lying area flood protection; Continue routine drainage maintenance
18973,087,07,Central, , ,956260.6653129195,956260.6653129191,22,1.4704287899214954,62.94345319556429,33757.15651561678,41152.512916161606,2185.9449050627013,10.115827725147447,0.0,0.44323624030982145,0.0,0.0,0.0,0.0,26235.71280160166,21.416908409470746,0.9010440845332396,34209.42817702191,27.851277688082913,0.9987858012801275,0.2052490744391628,137.5692234357547,0.11230140688633036,0.0,0.0,0.0,2.2041216946253734,0.0,1.1120635633050273,10.115827725147447,0.0010578525387570155,0.16617072189026505,16.617072189026505,Low,Strengthen storm-water drainage capacity; Improve drainage near historically flooded locations; Continue routine drainage maintenance
18974,088,07,Central, , ,2273286.311715076,2273286.311715066,32,1.6342609922890565,72.72459550689634,54639.00511020133,17905.550747524227,4403.94557666211,5362.212312854174,6776.915748706176,0.4491998195950659,0.0,0.0,0.0,0.0,48583.450422040914,39.65995952819666,0.9461132549082298,75991.09420516544,56.40346984914384,1.0600258524411876,0.6910487023731335,2096.862148442801,1.7117242028104496,0.0,0.0,0.0,4.287970239116508,0.0,1.4213043986199845,12139.12806156035,0.5339902852976759,0.18850872156225534,18.850872156225535,Low,Strengthen storm-water drainage capacity; Improve drainage near historically flooded locations; Continue routine drainage maintenance
18975,089,07,Central, , ,994946.4892524055,994946.4892524037,16,2.097085934746954,97.54518834644867,18400.19770071773,79022.04796754682,13855.062445063517,4611.100064097926,3604.4475469736158,0.3845351432855687,0.0,0.0,0.0,0.0,43540.147497336504,35.54297754884613,0.7365583716024845,80922.68712425756,60.13099834648233,0.9187507052137663,0.42957198594198565,500.929181748697,0.40892178101934445,0.0,0.0,0.0,3.9539869836147172,0.0,1.4213043986199845,8215.547611071543,0.825727584329147,0.22422351783790917,22.422351783790916,Low,Strengthen storm-water drainage capacity; Improve drainage near historically flooded locations; Continue routine drainage maintenance
18976,090,07,Central, , ,1083704.9350344327,1083704.9350344162,20,3.2802416898310987,100.9623530097505,11394.489726916374,30046.445361680104,19475.977572256306,38021.06144244101,24740.908333650583,0.5155154254267452,0.0,0.0,0.0,0.0,74582.02567642054,60.883286266465745,1.323639519027088,129515.99731281144,99.96459307986765,1.5197855559973694,0.6484446251955629,1620.009709804236,1.3224569059626416,0.14749501060686562,780.0856744344799,0.6368046321914123,4.313649386603428,0.0,2.9991387242489616,62761.96977609159,5.7914260373924975,0.4060404980412925,40.60404980412925,Moderate,Strengthen storm-water drainage capacity; Improve drainage near historically flooded locations; Regularly inspect drains and remove blockages
18978,092,07,Central, , ,1040339.3657883846,1040339.3657883804,19,2.0763201723908127,86.99003386116209,23892.571571694207,50858.3768776541,20332.355242732414,5064.142279010224,6415.345508832616,0.4098119011377341,0.0,0.0,0.0,0.0,42156.488070659856,34.413459649518245,1.3604545429963237,92438.64825828909,75.45746148013238,1.2810994877722603,0.17741159447821872,539.8982545540528,0.44073326902371657,0.0,0.0,0.0,4.470437117795322,0.0,2.982407164052581,11479.487787842841,1.103436836607977,0.2436778945731203,24.367789457312032,Low,Strengthen storm-water drainage capacity; Improve drainage near historically flooded locations; Continue routine drainage maintenance
18979,093,07,Central, , ,1411102.4825828215,1411102.4825828357,25,2.7825444672998545,105.56096529345294,23736.333891226568,38643.4217421149,29511.842120682864,15592.728501269024,21827.856229186495,0.04968462851376106,0.0,0.0,0.0,0.0,110868.52197900212,90.4841971324474,2.0485651464199277,119910.98639819026,97.83604817283302,2.1383447406679963,0.7779263152644561,2529.352787532234,2.0647777857405987,0.4040417691238099,2086.2327595632933,1.703047150663913,4.470437117795322,0.0,3.0,37420.58473045552,2.6518686766082706,0.31475891671516765,31.475891671516763,Moderate,Strengthen storm-water drainage capacity; Improve drainage near historically flooded locations; Regularly inspect drains and remove blockages
18961,075,06,Central,Thiru.Vi.Ka.Nagar,15,952573.4674050199,952573.4674050182,19,2.9382754938639795,100.00001948784943,21493.674590906903,33678.00701069689,26462.323789467428,12627.976963164438,28238.041518379894,0.4464414659706068,0.0,0.0,0.0,0.0,151369.59399030762,98.90186460383893,1.9042331389450147,122432.75737476972,99.94118829325967,2.428108611988809,0.37404728135756504,1267.9506349609746,1.0350617428252853,0.0,0.0,0.0,4.000718161383589,0.0,3.0,40866.018481544335,4.290064743548932,0.4033486026929816,40.33486026929816,Moderate,Strengthen storm-water drainage capacity; Improve drainage near historically flooded locations; Regularly inspect drains and remove blockages
18960,074,06,Central,Thiru.Vi.Ka.Nagar,15,949371.9613888091,949371.9613888194,15,2.145160748492641,97.29417892783661,49925.7985059665,23409.720497066828,28888.533754035845,8996.045254781844,7965.271174748836,0.5723866132079695,0.0,0.0,0.0,0.0,119415.58564334626,90.95219878128593,1.4313272326045527,118784.21275290946,96.96670428808719,2.149829609126275,1.0314885944340935,1865.6400931969438,1.5229715046505663,0.0,0.0,0.0,3.9458722803694357,0.0,2.98364328686958,16961.316429530678,1.78658282731654,0.318185618612451,31.818561861245097,Moderate,Strengthen storm-water drainage capacity; Improve drainage near historically flooded locations; Regularly inspect drains and remove blockages
18953,067,06,Central,Kolathur,13,899402.2674541213,770951.6407110833,16,1.065131715308322,56.22960211443316,62655.07084207407,4312.499997777349,1027.0779855452772,886.6137647839295,0.0,0.13944626700226354,0.0,0.0,0.0,0.0,31866.1221602366,25.847765727054757,0.7053098395704805,59690.57982084428,46.85375375699787,1.0317410841678445,0.011253508361707682,26.40498159242525,0.021555087014224695,0.0,0.0,0.0,2.4668958931482323,0.0,1.6053125435777886,886.6137647839295,0.09857811091510905,0.0789762460579637,7.89762460579637,Low,Strengthen storm-water drainage capacity; Improve drainage near historically flooded locations; Continue routine drainage maintenance
19033,147,11,South, , ,2047274.5176071057,2047274.517607085,33,1.3223603385253582,85.23979958475694,77778.0840771604,21663.15849312814,2872.4480382946745,1509.085056891113,595.9788258529398,0.3436315263630373,0.0,0.0,0.0,0.0,61199.22103452247,49.67214082518991,0.8843316570025263,76306.05644178599,60.24587017289381,0.9377390663457897,0.12426850301547594,666.9117776346412,0.5444177776609317,0.009328237131052368,6.339514852932491,0.005175114165659177,2.596632660878766,0.0,1.3679611962573588,2105.063882744053,0.10282274627266366,0.13226926775871392,13.226926775871393,Low,Strengthen storm-water drainage capacity; Improve drainage near historically flooded locations; Continue routine drainage maintenance
18956,070,06,Central,Kolathur,13,1733009.5135094866,1532721.8730641652,25,1.269579875962787,77.85073373445147,72050.19734191951,16774.182847871773,5030.404894522716,1512.3637403890443,0.0,0.3153691841524805,0.0,0.0,0.0,0.0,41388.4739007332,33.78650930672098,1.0259600450358881,76453.61842887793,61.46366271639885,1.1487767728219245,0.2832471691701911,839.7565645190521,0.6855155628726955,0.0,0.0,0.0,2.008975581139233,0.0,1.891737878596356,1512.3637403890443,0.08726805759573607,0.13290102040141155,13.290102040141155,Low,Strengthen storm-water drainage capacity; Improve drainage near historically flooded locations; Continue routine drainage maintenance
18957,071,06,Central,Thiru.Vi.Ka.Nagar,15,1532774.9081592439,1522904.5948398365,25,2.728306311244124,93.08952618611643,29530.569582354998,34164.474443993946,8856.569279326455,7128.6413740857,34354.41489823154,0.20715719598961985,0.0,0.0,0.0,0.0,132860.0968292821,84.40577895111757,1.7481017039162703,112880.54965989549,92.12558959219247,2.2837907106270707,0.23974394757273673,704.4207586784001,0.5750373540231839,0.0,0.0,0.0,5.0,0.0,3.0,41483.05627231724,2.706402358982736,0.3384042383919442,33.84042383919442,Moderate,Strengthen storm-water drainage capacity; Improve drainage near historically flooded locations; Regularly inspect drains and remove blockages
19034,148,11,South, , ,882591.8367485944,882591.8367485903,16,1.96385495885015,100.56863266102755,52934.44980150149,45381.93759330816,7450.718211455351,11915.006989901156,5514.462413592583,0.2892573909824015,0.0,0.0,0.0,0.0,102792.75883655898,81.56946622055112,1.216011880799714,165897.74352671797,98.4968448824283,1.2843068503069968,0.5708093054954778,608.4616718719644,0.4967034056097668,0.0,0.0,0.0,3.376794410404542,0.0,1.7978399099112208,17429.46940349374,1.9748051905513497,0.21401749010223062,21.40174901022306,Low,Strengthen storm-water drainage capacity; Improve drainage near historically flooded locations; Continue routine drainage maintenance
19035,149,11,South, , ,1416400.0193260417,1416400.019326052,26,2.094111278815414,88.16755901533267,23719.395241674403,64988.234820791426,6686.091460278423,6022.832905310613,6588.705365727655,0.9295567995797896,0.0,0.0,0.0,0.0,28160.94753872609,22.987326696486534,0.6226902824147031,49681.99706502392,40.486421858661025,0.7516127051607092,0.03395142611170309,64.75554383781528,0.05286166843903287,0.0,0.0,0.0,3.1583408002051807,0.0,1.5206149943903338,12611.538271038267,0.8903938222931648,0.29317265529458153,29.317265529458155,Moderate,Strengthen storm-water drainage capacity; Improve drainage near historically flooded locations; Regularly inspect drains and remove blockages
18963,077,06,Central,Egmore,16,574005.6893711227,574005.6893711119,13,1.8454295289854277,99.99999999999999,68456.13165215543,35517.74610436721,1011.1153498302538,4034.887077901199,13480.11981574589,0.4730492879954282,0.0,0.0,0.0,0.0,97525.76731043195,78.011367224716,1.5875689032035427,122276.10919513403,99.81266123314663,2.39234387023144,0.0,0.0,0.0,0.0,0.0,0.0,4.549420561737189,0.0,3.0,17515.00689364709,3.0513646847013707,0.2825112352287097,28.25112352287097,Moderate,Strengthen storm-water drainage capacity; Improve drainage near historically flooded locations; Regularly inspect drains and remove blockages
19036,150,11,South, , ,3535567.6684444794,2844068.8792479252,43,1.0417992262979752,35.65682956513919,40810.80929938527,2408.036648505558,357.0487178439768,27.275517581330096,76.4460339793658,0.11365612199828264,0.0,0.0,0.0,0.0,13604.352653744545,11.079066961118572,0.4119002921082576,13256.654222225568,10.795266574202596,0.3642548079087217,0.643944498077962,7749.1586788707245,6.325843819486306,0.013037649260796445,36.284223134834974,0.029619773987620387,2.292836998817566,0.0,1.1553483073895174,103.72155156069589,0.0029336604836170364,0.03917736646732351,3.9177366467323513,Low,Strengthen storm-water drainage capacity; Improve drainage near historically flooded locations; Protect and maintain water-body storage capacity; Continue routine drainage maintenance
18959,073,06,Central,Thiru.Vi.Ka.Nagar,15,928399.1382858008,928399.1382858113,16,2.3592201372775308,100.0,20771.143600436433,75931.89179002272,2825.6507309683325,6963.981949751929,16007.331928820582,1.4033912260944121,0.0,0.0,0.0,0.0,143345.1922836496,99.84784936873115,2.076948964420343,122497.97098837035,99.99834366392402,2.8363357368205624,0.43800902380983475,1572.037043826417,1.283295545980749,0.0,0.0,0.0,3.9458722803694357,0.0,3.0,22971.31387857251,2.4742928909851014,0.49512919409051154,49.51291940905115,Moderate,Strengthen storm-water drainage capacity; Improve drainage near historically flooded locations; Regularly inspect drains and remove blockages
18955,069,06,Central,Kolathur,13,1048867.7478852367,1044609.5564033637,20,1.6003252697862782,83.43095843915246,49493.07044931148,39637.897148388125,13071.956490262162,0.0,0.0,0.14892022444054911,0.0,0.0,0.0,0.0,43577.27024730575,35.573281834535315,0.7183552280185157,69730.65805790514,56.92298616971848,0.9574040453780749,0.2796804321369457,1124.7539281184754,0.9181664719334494,0.0,0.0,0.0,2.749637511927967,0.0,1.0502357218788734,0.0,0.0,0.13675041185506565,13.675041185506565,Low,Strengthen storm-water drainage capacity; Improve drainage near historically flooded locations; Continue routine drainage maintenance
18964,078,06,Central,Egmore,16,672512.4348738701,672512.4348738695,16,3.3897459918790793,99.99999999999689,25966.139925558047,23130.215707590505,9645.009384498635,4710.890400805006,59047.744581544015,0.2690260198547725,0.0,0.0,0.0,0.0,123141.29915970728,89.53282035103527,1.8580511567916316,122503.55163825066,99.99999999999865,2.719070406658472,0.017754347161174418,19.922362873742415,0.01626315336632034,0.0,0.0,0.0,4.898854760114967,0.0,3.0,63758.63498234902,9.48066261322097,0.44341268989160443,44.34126898916044,Moderate,Strengthen storm-water drainage capacity; Improve drainage near historically flooded locations; Regularly inspect drains and remove blockages
19037,151,11,South, , ,1664063.1904467565,1664063.1904467742,27,1.694076426513068,56.242559543149724,24783.57575766575,33903.22080588589,7896.26001820984,511.5347808945049,1802.5440777024369,0.22621810976259923,0.0,0.0,0.0,0.0,45749.37113776674,33.57818771041607,1.0821611072520203,55607.4458492875,39.210226649495894,1.0653602006024503,0.21265456392568843,1123.4941334375617,0.9171380681122954,0.0,0.0,0.0,2.84468755763596,0.0,2.355031123958249,2314.0788585969417,0.13906195821660314,0.16372206261545608,16.372206261545607,Low,Strengthen storm-water drainage capacity; Improve drainage near historically flooded locations; Continue routine drainage maintenance
18962,076,06,Central,Thiru.Vi.Ka.Nagar,15,615561.8960996307,615561.8960996263,12,3.121098844452216,100.00000000000001,21687.998644135205,44087.34224983948,168.51563542694774,10814.338957690388,45741.80451290798,0.622364196904694,0.0,0.0,0.0,0.0,150273.73057753555,100.00000000000001,2.161458346512989,122509.96021780855,100.00000000000001,2.9886607768596933,0.22254740899400563,434.1308892992575,0.3543925626932714,0.0,0.0,0.0,4.87741840104504,0.0,3.0,56556.14347059836,9.187726503046017,0.4771027143748162,47.71027143748162,Moderate,Strengthen storm-water drainage capacity; Improve drainage near historically flooded locations; Regularly inspect drains and remove blockages
18950,064,06,Central,Kolathur,13,1584468.2187360232,1584468.2187360288,28,1.3775073629120225,70.74342473154337,56182.72968027384,29384.351967235158,1093.6136486316427,0.0,0.0,0.6451356364372443,0.027907792302750357,0.2964407787622336,0.2964407787622336,0.2964407787622336,40596.38924071347,31.007370508200605,1.0028110290115253,59107.85598684833,45.633130291628845,1.0066933523072983,0.11565722598306963,282.1443829443018,0.2303219452606545,0.0,0.0,0.0,2.048397038757079,13.0,1.3335069109710698,0.0,0.0,0.19549635054307443,19.549635054307444,Low,Strengthen storm-water drainage capacity; Improve drainage near historically flooded locations; Improve flood-water evacuation and pumping facilities; Increase road and low-lying area flood protection; Continue routine drainage maintenance
18958,072,06,Central,Thiru.Vi.Ka.Nagar,15,1318699.954497748,1318699.9544977532,25,1.235685139192813,97.82625314530367,92155.6296705152,27677.91007144908,1.1285452777172011,0.24337657162977785,2.2484391833557043,0.7134638545458475,0.0,0.0,0.0,0.0,114953.57008936004,92.29863119502123,1.573690438217306,124502.32011656361,99.84420627341223,1.952706036839592,0.6145736679406486,2807.026185708612,2.2914499475172345,0.17345196683800657,1305.0988144427702,1.0653867873002207,2.0,0.0,3.0,2.491815754985482,0.00018896002433961844,0.22617351576458572,22.61735157645857,Low,Strengthen storm-water drainage capacity; Improve drainage near historically flooded locations; Continue routine drainage maintenance
19041,155,11,South, , ,1544985.245387479,1544985.245387457,23,2.3757416997273073,80.69442146793493,8173.008726605302,65435.87369277501,7343.516104525711,4310.277830563396,13587.989943750892,0.5335183811443706,0.0,0.0,0.0,0.0,37774.09465219935,30.83599563444845,1.1233652094238196,46787.51482993798,38.193889657092214,1.2160319751493347,0.3882138601467383,1447.5020438475806,1.1816343215082292,0.0,0.0,0.0,3.9938984196088807,0.0,3.0,17898.26777431429,1.1584749969457113,0.2916963642278595,29.16963642278595,Moderate,Strengthen storm-water drainage capacity; Improve drainage near historically flooded locations; Regularly inspect drains and remove blockages
19031,145,11,South, , ,1512545.7205789075,1512545.7205789187,23,1.3496595926026387,91.2612397504178,81644.0108900962,25109.27203407947,590.4952717799509,2381.594839458119,2069.6456588480773,0.4020878427948352,0.0,0.0,0.0,0.0,66590.58248262464,54.0910956225018,1.2643362176806745,103175.54405220976,75.84742904057745,1.2858077355520223,0.3717159056702912,1592.8906057349436,1.300318861824444,0.1639929905007844,1318.6381852185375,1.0764393348722754,3.665276711729418,0.0,2.393812765321103,4451.240498306197,0.2942879965706122,0.16113785004473757,16.11378500447376,Low,Strengthen storm-water drainage capacity; Improve drainage near historically flooded locations; Continue routine drainage maintenance
19040,154,11,South, , ,1171711.4318160655,1171711.431816081,18,2.480518953556173,88.51909985112414,5332.888165160335,70964.45464584618,12240.660121376692,8356.264871381338,11541.629513862534,0.5178884490753993,0.0,0.0,0.0,0.0,38498.01778035054,31.426953290082075,1.5472625853971742,45096.953092657815,36.81383925931251,1.385951141378831,0.4197213965350773,461.3392506384625,0.3766034699089489,0.0,0.0,0.0,3.70769979627283,0.0,2.6235633679482806,19897.89438524387,1.6981906845786778,0.30977391413442174,30.977391413442174,Moderate,Strengthen storm-water drainage capacity; Improve drainage near historically flooded locations; Regularly inspect drains and remove blockages
19030,144,11,South, , ,1387934.3144974508,1387934.3144974732,23,1.5010277359738213,81.27930641977723,68424.57149197142,19092.42266947194,3381.536770151832,2125.3983783936633,6543.22105423823,0.33094347551958614,0.0,0.0,0.0,0.0,71030.45579100923,51.4618831319437,1.3419499274904416,88944.80313933325,60.305702720897166,1.413068874266069,0.43386219365201906,1615.0563512609021,1.3184133479680833,0.3683904325688219,1573.9810243093866,1.284882468823989,4.160658349296131,0.0,2.9415316031037446,8668.619432631893,0.6245698619945615,0.17439968396662328,17.439968396662326,Low,Strengthen storm-water drainage capacity; Improve drainage near historically flooded locations; Continue routine drainage maintenance
19038,152,11,South, , ,1604325.9991551223,1604325.9991551393,26,1.849136401951948,83.82965410014567,25788.483255355175,68438.86350946935,5854.587077107355,1669.9245370492724,939.4678936973008,0.23113965515972998,0.0,0.0,0.0,0.0,28974.08134544971,23.483539255008903,0.8978365749565193,49353.57210884302,39.73416887244202,0.9022759464435244,0.13444442958156708,467.9145899790194,0.38197109386042405,0.0,0.0,0.0,3.1583408002051807,0.0,1.2980293273190788,2609.392430746573,0.16264726945276356,0.17366680412329105,17.366680412329107,Low,Strengthen storm-water drainage capacity; Improve drainage near historically flooded locations; Continue routine drainage maintenance
18941,055,05,North,Harbour,18,573519.177954559,329688.1712986698,11,1.7460939756036493,39.27940920325278,2781.0404154060684,38072.52964542691,4400.81088629678,2862.8953268549026,0.0,0.01709984159666956,0.0,0.0,0.0,0.0,20725.851233124096,16.84890693814174,0.6267544268907613,28511.38728212451,23.182535279846896,0.6443879554333342,0.0,0.0,0.0,0.0,0.0,0.0,3.224065597813384,0.0,1.3971715978446906,2862.8953268549026,0.4991804000461402,0.11863843699451986,11.863843699451985,Low,Strengthen storm-water drainage capacity; Improve drainage near historically flooded locations; Continue routine drainage maintenance
18935,049,05,North,Royapuram,17,779999.5559743572,740671.5442501939,13,1.0,29.494689222164254,36130.994297151214,0.0,0.0,0.0,0.0,0.0,0.0,0.0,0.0,0.0,14532.795404494167,11.863506452648302,0.7896758846717383,27880.262176800465,22.759397695347314,0.9537112997272402,0.0,0.0,0.0,0.0,0.0,0.0,1.0,0.0,1.0672257763812114,0.0,0.0,0.0478664879155009,4.78664879155009,Low,Strengthen storm-water drainage capacity; Continue routine drainage maintenance
18936,050,05,North,Royapuram,17,1536060.8273843213,1364780.3608074475,17,1.0,40.387193424358635,49474.31194483933,0.0,0.0,0.0,0.0,0.0,0.0,0.0,0.0,0.0,29038.263067856267,23.704704545188797,0.8273581100298526,40187.13909513123,32.80582783276018,1.0145881681755993,0.0,0.0,0.0,0.0,0.0,0.0,1.0,0.0,1.1531462819778455,0.0,0.0,0.05092187992852445,5.092187992852445,Low,Strengthen storm-water drainage capacity; Continue routine drainage maintenance
18942,056,05,North,Harbour,18,566587.6557741781,566587.6557741826,11,2.5042658663438795,65.15251991519101,7832.921079594115,32509.836408303672,6149.579152444828,33319.500255766376,0.0,0.0,0.0,0.0,0.0,0.0,84665.62450512958,57.90582473323115,1.0718059294684807,99046.82913595697,59.49027507969022,1.1789215094693486,0.0,0.0,0.0,0.0,0.0,0.0,3.224065597813384,0.0,1.3971715978446906,33319.500255766376,5.880731766074049,0.22824699092626777,22.824699092626776,Low,Strengthen storm-water drainage capacity; Continue routine drainage maintenance
18948,062,05,North,Chepaulk Triplicane,19,833486.8266025847,833486.8266025842,15,2.700272661141159,99.99718931910267,14105.947652494451,58888.57406352399,13033.94842856116,22544.890526287018,13923.196245034138,0.16882612141324502,0.0,0.0,0.0,0.0,113669.49426632708,92.7913220891051,2.077370690945044,122485.43312071095,99.98810866996814,2.1875693322223064,0.649197515640129,7678.923149129054,6.2685086931665746,0.649197515640129,7678.923149129054,6.2685086931665746,3.7472680980042545,0.0,3.0,36468.086771321156,4.375364505755953,0.32496133924418474,32.49613392441847,Moderate,Strengthen storm-water drainage capacity; Improve drainage near historically flooded locations; Protect and maintain water-body storage capacity; Maintain river channels and prevent encroachment; Regularly inspect drains and remove blockages
18938,052,05,North,Royapuram,17,1036735.5337715384,1029986.8538259782,20,1.1731116724874406,53.17927204848882,56506.62380164055,4759.349176040938,1075.4177803436826,2803.2175013736255,0.0,0.1068103823699442,0.0,0.0,0.0,0.0,35271.17557836851,28.792796390504904,0.8569888580935032,47010.28353465859,37.31950933765697,0.8933152415513493,0.0,0.0,0.0,0.0,0.0,0.0,2.340439102336555,0.0,1.4105620200221436,2803.2175013736255,0.2703888706482169,0.0795144791409268,7.95144791409268,Low,Strengthen storm-water drainage capacity; Improve drainage near historically flooded locations; Continue routine drainage maintenance
18940,054,05,North,Harbour,18,593527.1256731477,593186.2968934921,9,1.4594099762564277,87.37078617926501,58895.47744140335,48110.415758902695,19.182964671619892,4.136904621955193,0.0,0.8227684728670398,0.0,0.0,0.0,0.0,64953.75179686858,53.022932377948436,1.2852348998777556,79194.83915543173,64.63965948690188,1.4544034033228386,0.35727865641838513,2837.429725556437,2.3162691637195407,0.35727865641838513,2837.429725556437,2.3162691637195407,2.0,0.0,2.535389747836022,4.136904621955193,0.0006970034633654409,0.24188740915025636,24.188740915025637,Low,Strengthen storm-water drainage capacity; Improve drainage near historically flooded locations; Continue routine drainage maintenance
18943,057,05,North,Harbour,18,907816.7874153598,906988.6228508933,14,1.8387408466235198,88.19347942123528,29630.198351692725,71101.6045038843,3014.4646921014996,4290.7447433347015,0.0,0.003922026414822185,0.0,0.0,0.0,0.0,39729.00782283596,30.810508235766697,1.1259603651585923,51805.848048255546,40.3347129727178,1.058111426631298,0.24687090596441255,1693.7284886034593,1.3826355009007834,0.24687090596441255,1693.7284886034593,1.3826355009007834,2.5697765627916076,0.0,2.535389747836022,4290.7447433347015,0.4726443488174368,0.14793847157300488,14.793847157300489,Low,Strengthen storm-water drainage capacity; Improve drainage near historically flooded locations; Continue routine drainage maintenance
18947,061,05,North,Egmore,16,2217493.671235703,2217493.6712356857,34,3.3924522049329844,99.98948304716795,10346.430509704716,45637.33167506235,4996.009248492303,8602.585104530557,52904.760194990806,0.17817590619213114,0.0,0.0,0.0,0.0,133330.80249915543,99.7115023275732,2.3362870779620417,122473.05282975295,99.97800231000242,2.7498622774099255,0.33396031954151595,3595.7970918841106,2.9353445648033554,0.3030882528030905,3582.658387756906,2.9246190920464543,4.97161317432382,0.0,3.0,61507.34529952136,2.773732619730376,0.4323150735914867,43.231507359148665,Moderate,Strengthen storm-water drainage capacity; Improve drainage near historically flooded locations; Regularly inspect drains and remove blockages
18944,058,05,North,Egmore,16,2593975.0365779935,2593975.0365779954,38,2.6418636503022546,100.27556498557425,17279.971656301557,64843.45680574174,11392.993633936512,3406.520697621905,25914.624313726734,0.1305058869276539,0.0,0.0,0.0,0.0,118178.49126721425,96.29138638228922,2.2728902131003004,121753.18923516359,99.379707674266,2.6272905527492267,0.08225723599725278,553.275299559037,0.45165330576247925,0.0649203343202563,533.8213571988906,0.43577253648889025,4.898854760114967,0.0,3.0,29321.14501134864,1.1303557126759973,0.3350046395486873,33.50046395486873,Moderate,Strengthen storm-water drainage capacity; Improve drainage near historically flooded locations; Regularly inspect drains and remove blockages
18897,011,01,North, , ,633390.2980667711,568052.1102746333,14,1.0990070716126334,33.480982306908174,32234.732408686206,8779.47091727631,0.0,0.0,0.0,0.001184995166264793,0.0,0.0,0.0,0.0,32718.649577653487,26.709101696043664,1.1494163752766398,45476.870815638795,37.123976176031675,1.2560226598231878,0.0823916481404407,27.549984665438615,0.022489783400358055,0.0,0.0,0.0,1.628100217775868,0.0,3.0,0.0,0.0,0.07433653069429631,7.433653069429631,Low,Strengthen storm-water drainage capacity; Improve drainage near historically flooded locations; Continue routine drainage maintenance
18945,059,05,North,Harbour,18,2816285.7184089203,2693785.7184089175,39,1.6706146935608792,87.26532606108269,50283.71053650073,47805.245166958826,1183.9964509605513,3332.3924089123607,4294.679861493817,0.002439611288212785,0.0,0.0,0.0,0.0,96964.6124706618,77.6644422520142,1.7274121338375839,103008.64740187826,82.66592482534287,1.9623694732635624,0.517720804051066,7027.570034225277,5.736791864673696,0.5108866840851549,7021.961410609924,5.732213396416265,3.7472680980042545,0.0,3.0,7627.072270406177,0.2708202587738556,0.17421452136363474,17.421452136363474,Low,Strengthen storm-water drainage capacity; Improve drainage near historically flooded locations; Protect and maintain water-body storage capacity; Maintain river channels and prevent encroachment; Continue routine drainage maintenance
18946,060,05,North,Harbour,18,5138688.926750411,4900437.606695993,58,1.479122051493084,60.89717918274987,42330.28408312545,24288.422578424255,2936.364273030738,3422.0409015698215,1621.932662718318,0.0,0.0,0.0,0.0,0.0,55764.56469661253,43.602290541990456,1.3029531475048375,99931.40852645255,61.058909295291606,1.3000254559758293,0.1166532270050687,2213.364009625081,1.8068277629592504,0.1166532270050687,2213.364009625081,1.8068277629592504,3.224065597813384,0.0,2.6901071331275,5043.97356428814,0.09815681852292688,0.11910050629928096,11.910050629928095,Low,Strengthen storm-water drainage capacity; Continue routine drainage maintenance
19018,132,10,Central,Thyagaraya Nagar,24,1096465.3487769251,1096465.3487769356,17,1.9566241761463488,81.31059160523371,8180.860803664581,87810.75480814016,3548.2609411925664,34.2330494547668,31.365113959199782,0.3717201303648861,0.682941626880735,3.8013905655125497,3.90194019739681,3.7008409336282893,7932.915989834216,6.475849787619769,0.26128003490985746,21861.686999388035,17.846275101541252,0.6240564394843356,0.06703308792284018,59.42593461049947,0.048510967028979154,0.0,0.0,0.0,2.265053017860223,12.0,1.0,65.59816341396657,0.005982693706384739,0.36065582060575146,36.065582060575146,Moderate,Strengthen storm-water drainage capacity; Improve drainage near historically flooded locations; Improve flood-water evacuation and pumping facilities; Increase road and low-lying area flood protection; Regularly inspect drains and remove blockages
18949,063,05,North,Chepaulk Triplicane,19,963859.3806024789,963859.3806025024,19,2.48064911151938,99.99351757078783,35241.6241131402,43827.27830500911,11109.322987695383,13927.605186351564,18386.22843201884,0.3558080623711512,0.0,0.0,0.0,0.0,120618.41769672798,89.94032744133966,1.8193810086996152,122212.1134040527,99.7619225961021,2.059539583716724,0.45132927382833543,4870.444200929806,3.975872817085556,0.43757026790310327,4856.308796016725,3.964333711034061,3.961575774589466,0.0,3.0,32313.833618370405,3.352546467740141,0.32049735866568363,32.04973586656836,Moderate,Strengthen storm-water drainage capacity; Improve drainage near historically flooded locations; Regularly inspect drains and remove blockages
19020,134,10,Central,Thyagaraya Nagar,24,945870.6432761154,940758.16834047,15,1.8457853339186527,77.50248734733502,18076.494721157604,73005.18369757777,2555.3443248725252,1301.606931275863,1.9173256016453508,0.7396283846562558,0.46408962160700645,3.4337712856784757,3.4357898271570555,3.431752744199896,21971.907106141487,17.93625069889101,0.5264714192251889,40618.109941652,32.53931710348832,0.6835547810625701,0.1263921719908782,394.5078525995188,0.32204722661185214,0.0,0.0,0.0,3.182291571422658,11.0,1.1105136955581574,1303.5242568775084,0.1378121063534253,0.3706953659569207,37.06953659569207,Moderate,Strengthen storm-water drainage capacity; Improve drainage near historically flooded locations; Improve flood-water evacuation and pumping facilities; Increase road and low-lying area flood protection; Regularly inspect drains and remove blockages
18937,051,05,North,Royapuram,17,403032.5253129831,403032.5253129845,11,1.0,43.76342776929095,53610.1990173814,0.0,0.0,0.0,0.0,0.10312317292622752,0.0,0.0,0.0,0.0,27698.790650240644,22.61125767366584,0.9982251774675731,43275.76117787767,35.32715198194094,1.0397586967825412,0.0,0.0,0.0,0.0,0.0,0.0,1.0,0.0,1.1538180566101899,0.0,0.0,0.0668814642873363,6.68814642873363,Low,Strengthen storm-water drainage capacity; Improve drainage near historically flooded locations; Continue routine drainage maintenance
18939,053,05,North,Royapuram,17,853510.5036992904,853510.503699287,18,1.1051504353328994,103.59294731495207,114528.46554247315,12372.894918343114,0.0,0.0,0.0,0.2217193048032489,0.0,0.0,0.0,0.0,99905.0068721424,77.44939696903523,1.3083368270364448,144664.5781511523,95.71434267248438,1.5251411154253605,0.36136859669809174,2617.8514307024916,2.137021576083667,0.24387472786377504,2316.394864757429,1.8909345834754525,1.4947735090072618,0.0,2.5319316666183425,0.0,0.0,0.11996278271145502,11.996278271145503,Low,Strengthen storm-water drainage capacity; Improve drainage near historically flooded locations; Continue routine drainage maintenance
18888,002,01,North, , ,2915968.2894722717,471255.7249684759,12,1.505493014132744,28.4411909598195,12028.8445233382,22811.614402440682,0.0,0.0,0.0,0.0,0.0,0.0,0.0,0.0,25646.59750310601,20.935997961719192,1.7954527959422788,36325.02026020714,29.653077763434396,1.848440464046911,1.2190996951443156,40300.235513352935,32.89815143947178,1.1948506919393551,40281.621683251695,32.88295647612383,2.0,0.0,3.0,0.0,0.0,0.14958935065485865,14.958935065485864,Low,Strengthen storm-water drainage capacity; Protect and maintain water-body storage capacity; Maintain river channels and prevent encroachment; Continue routine drainage maintenance
19014,128,10,Central,Virugambakkam,22,1595875.3727319275,1595875.3727319243,25,2.2485243247705253,83.44207105245819,16605.525696958728,46906.104686005056,16654.66085305285,19493.89183277999,2556.353970464659,0.41438285079510756,0.0,0.0,0.0,0.0,22620.250057170993,17.94412514960503,0.6112028138393614,32707.03787420352,24.912579880016928,0.8129116550423706,0.07626455389509734,24.859776601101444,0.020293695184572604,0.0,0.0,0.0,4.234834752181471,0.0,1.7978399099112208,22050.245803244652,1.3817022419173965,0.24018659393322683,24.018659393322682,Low,Strengthen storm-water drainage capacity; Improve drainage near historically flooded locations; Continue routine drainage maintenance
19016,130,10,Central,Thyagaraya Nagar,24,1202141.31457404,1202141.3145740414,19,2.2055544800720512,86.42020109108151,11129.098526989976,73202.65085722491,10869.730934850319,7812.945681978997,2850.3203355306555,1.0458858186994717,0.11208183418477376,1.0777637479273101,1.0777637479273101,1.0777637479273101,14638.559299006018,11.949828631435425,0.3445090292730327,26958.83523227626,20.89289781884938,0.5557812241422626,0.13944964356056963,613.9966318069154,0.5012217402505432,0.0,0.0,0.0,3.9877993637613343,12.0,1.354586774581596,10663.266017509652,0.887022672645438,0.3519723731615832,35.19723731615832,Moderate,Strengthen storm-water drainage capacity; Improve drainage near historically flooded locations; Improve flood-water evacuation and pumping facilities; Increase road and low-lying area flood protection; Regularly inspect drains and remove blockages
19022,136,10,Central,Virugambakkam,22,1193251.092218224,1193251.0922182368,22,2.5799288487928456,98.06093464699458,39537.68636348195,17150.7307171454,26337.337932867867,29189.18177993128,7909.708149141889,0.3665078506444629,0.7311063324526146,7.064742909449742,7.403863915919227,6.828832644079667,38535.37663241951,31.457450312179194,0.8966837863790317,66442.07672381359,54.05403060863511,1.0264247030794027,0.004666837815205634,3.492231969197649,0.002850801607508285,0.0,0.0,0.0,3.9854361134681584,16.0,1.2196816870435951,37098.88992907317,3.109059792277857,0.5492371863024204,54.923718630242035,High,Strengthen storm-water drainage capacity; Improve drainage near historically flooded locations; Improve flood-water evacuation and pumping facilities; Increase road and low-lying area flood protection; Increase drainage monitoring during heavy rainfall
19017,131,10,Central,Thyagaraya Nagar,24,1045094.6538063247,1045094.6538063288,21,2.38625019423293,94.6676507106329,18004.74055764302,50306.090729655334,32208.81453479208,12029.713849355669,3418.51244907919,0.8407109299920422,0.596938277337906,3.8593158424177747,4.033320216044196,3.685311468791353,14726.181294794502,12.021372485546532,0.6680467888742059,25363.33657847226,20.704764553854908,0.7292400474627839,0.0,0.0,0.0,0.0,0.0,0.0,3.854310046437181,12.0,1.0,15448.226298434858,1.4781652783478596,0.47662172792190505,47.6621727921905,Moderate,Strengthen storm-water drainage capacity; Improve drainage near historically flooded locations; Improve flood-water evacuation and pumping facilities; Increase road and low-lying area flood protection; Regularly inspect drains and remove blockages
18927,041,04,North,Dr.R.K.Nagar,11,892280.431314004,892280.4313140076,17,1.5710387586271497,105.37603095055191,95169.7395650864,18809.726502727888,2669.586349961464,4220.275479090801,8216.310017559535,0.7083376954834442,0.0,0.0,0.0,0.0,75167.72740448867,61.36141012611319,1.3453242648397525,93980.54521636228,76.05119262418019,1.5162375455342556,0.9639403105463193,3898.1530846858404,3.1821657834170125,0.44694089039785945,1452.533872051902,1.1857419363688997,4.226226401869994,0.0,2.874449738617692,12436.585496650336,1.3937978532529034,0.2412300057063566,24.12300057063566,Low,Strengthen storm-water drainage capacity; Improve drainage near historically flooded locations; Continue routine drainage maintenance
19015,129,10,Central,Virugambakkam,22,1898497.2097839916,1898497.209783984,28,3.234674121042829,99.40707648154302,2361.568259071115,33984.84450666042,29254.279259587038,37731.395163982954,18441.581500588647,0.38636442796057463,0.0020676348277302616,0.02274398310503288,0.02274398310503288,0.02274398310503288,38352.05024367833,31.20737614350221,0.6837953198875956,64258.69242508747,46.09974464104243,0.8412176752131431,0.22613492014715678,467.9439146853284,0.3819950323961865,0.0,0.0,0.0,4.482252559676051,11.0,1.3820277966455927,56172.9766645716,2.958812705917165,0.3492625214982197,34.92625214982197,Moderate,Strengthen storm-water drainage capacity; Improve drainage near historically flooded locations; Improve flood-water evacuation and pumping facilities; Increase road and low-lying area flood protection; Regularly inspect drains and remove blockages
19024,138,10,Central,Virugambakkam,22,1264206.7306354297,1264206.7306354253,20,3.3618370032266283,97.97864489222515,9478.965170697027,25026.866230617703,26995.370590258553,28761.60161836916,29761.03638303335,0.2829941482927552,0.34930252693796554,3.538932212097001,3.656266938874183,3.4938926876504044,66288.22129797656,54.10980414188673,1.3155131402993403,104925.47829134864,79.61065563320442,1.5549231099930174,0.6431873867993315,5260.9050673567135,4.294616381515684,0.0,0.0,0.0,4.236173055535884,21.0,2.979882506677893,58522.63800140251,4.629198420102321,0.5150491202288969,51.50491202288969,High,Strengthen storm-water drainage capacity; Improve drainage near historically flooded locations; Improve flood-water evacuation and pumping facilities; Increase road and low-lying area flood protection; Increase drainage monitoring during heavy rainfall
19023,137,10,Central,Virugambakkam,22,1621839.7894396929,1621839.7894396815,28,2.547033282382752,96.012771864937,27498.167916334914,37653.6108199978,25120.78544859287,14256.61772694217,13086.463622680049,0.44542150318214563,0.07553150489810197,1.0574410685734275,1.0574410685734275,1.0574410685734275,41057.6395263011,33.516053462733154,0.8568164730688294,52305.28450423615,42.69819143202952,1.1033936363227719,0.13148346505588399,1047.1135333208128,0.8547865578129084,0.0,0.0,0.0,4.133911213360369,14.0,3.0,27343.081349622218,1.6859298635821856,0.32832135857619954,32.83213585761995,Moderate,Strengthen storm-water drainage capacity; Improve drainage near historically flooded locations; Improve flood-water evacuation and pumping facilities; Increase road and low-lying area flood protection; Regularly inspect drains and remove blockages
18926,040,04,North,Dr.R.K.Nagar,11,1067102.8905023404,1057650.790907999,20,1.0326503143041448,64.61868295528271,75158.46601224694,3999.4206079743567,0.0,0.0,0.0,0.41826187138002957,0.0,0.0,0.0,0.0,35518.72429609377,27.767615183826877,0.9389618795701143,63424.06343011405,50.74553859473712,1.086496861634013,0.0,0.0,0.0,0.0,0.0,0.0,1.631029013135541,0.0,2.2875811557323513,0.0,0.0,0.11780811211132834,11.780811211132834,Low,Strengthen storm-water drainage capacity; Improve drainage near historically flooded locations; Continue routine drainage maintenance
19019,133,10,Central,Thyagaraya Nagar,24,1838112.046315038,1598224.5212506778,24,1.7557096502093017,47.96476771013937,12753.307651313891,44190.21212586192,1663.830999452217,149.48966829269702,0.0,0.2662674192046337,0.6745816547746643,4.438074791665978,4.6574489801400665,4.258142504939966,15149.972974519913,12.367324877159115,0.6354204821714567,30622.854198110646,24.993748339266745,0.6896689111704889,0.011475476593112285,3.6566760409470094,0.0029850416660791913,0.0,0.0,0.0,2.273307878122189,20.0,1.2420939356853946,149.48966829269702,0.008132783232251101,0.34597011955447704,34.597011955447705,Moderate,Strengthen storm-water drainage capacity; Improve drainage near historically flooded locations; Improve flood-water evacuation and pumping facilities; Increase road and low-lying area flood protection; Regularly inspect drains and remove blockages
19013,127,10,Central,Virugambakkam,22,3857633.9185774378,3857633.9185774326,50,2.084350075625426,91.96169481676061,45606.82359669227,36244.281586505174,3115.9588274873586,19181.482408418477,8504.529731428485,0.2632005815530224,0.0,0.0,0.0,0.0,64649.00805929001,49.06097305047941,1.1537072361802843,109467.90419391377,71.09706285545018,1.2203346260300958,0.3175920136324975,885.0664315202793,0.7225032094043095,0.06709153122135765,150.50207473217887,0.12285883651606438,4.234834752181471,0.0,2.7368847374852106,27686.012139846964,0.7176941286864412,0.22063681051652434,22.063681051652434,Low,Strengthen storm-water drainage capacity; Improve drainage near historically flooded locations; Continue routine drainage maintenance
18933,047,04,North,Dr.R.K.Nagar,11,623269.3504089611,623269.3504089577,12,2.1203376176686306,103.67547552011656,46774.628656258894,59068.194177180354,2689.715881547201,1125.042507556058,17344.87628960026,0.31642878633884364,0.0,0.0,0.0,0.0,55774.34397832755,45.530076717002075,1.9186594516722282,84815.51124850947,69.23714659495894,1.8884824600728538,0.4974939102696187,3460.965279809775,2.8252777794365516,0.4974939102696187,3460.965279809775,2.8252777794365516,4.226226401869994,0.0,2.874449738617692,18469.918797156315,2.963392758690475,0.2658015538382415,26.58015538382415,Moderate,Strengthen storm-water drainage capacity; Improve drainage near historically flooded locations; Regularly inspect drains and remove blockages
19027,141,10,Central,Thyagaraya Nagar,24,778330.6023424206,778330.6023424176,15,1.7730665223044766,101.74115057055134,57122.574142409765,41352.86080170876,23388.89230549669,2684.3425155069817,84.23968380322302,0.30651195686001015,0.2964085621558788,0.8562914017836498,0.9880285405195959,0.7904228324156768,44316.48491799523,36.17672238203693,0.8833611522027663,90557.05432641854,71.27394202960292,1.0802627869562589,0.5919400684967413,826.0055813775543,0.6742902705122894,0.0,0.0,0.0,2.45718153387146,10.0,1.8650799960067541,2768.582199310205,0.3557077405125834,0.23901226395366446,23.901226395366447,Low,Strengthen storm-water drainage capacity; Improve drainage near historically flooded locations; Improve flood-water evacuation and pumping facilities; Increase road and low-lying area flood protection; Continue routine drainage maintenance
18923,037,04,North,Perambur,12,4101102.6517434325,4101102.651743421,52,2.328136493488616,99.67240567337981,47968.49837130952,32259.930453763132,13311.956727991068,10708.07583571482,17850.2355611117,0.21132733205829324,0.0,0.0,0.0,0.0,84204.98913307906,59.78569642882838,1.2167598728706936,124735.59714375039,81.23121304315639,1.5939805665904945,0.5362147192953627,3458.1158392436705,2.8229517055050377,0.08575553550744952,554.4268325123309,0.4525933326631272,4.820125481937594,0.0,2.9423080299221454,28558.311396826517,0.6963569025682886,0.2593986670507782,25.93986670507782,Moderate,Strengthen storm-water drainage capacity; Improve drainage near historically flooded locations; Regularly inspect drains and remove blockages
18891,005,01,North, , ,2318959.044411165,1902269.4291122833,30,1.0608923428531885,31.895394162799022,33675.81173659031,5396.0461128384895,0.0,0.0,0.0,0.29246793921264896,0.0,0.0,0.0,0.0,27390.135853258726,22.359294574088764,1.0192846544847805,31890.078693869888,26.032716414654377,1.154377691477005,0.06242505100460066,233.04353444758056,0.19023961995720862,0.0,0.0,0.0,1.5283212958776717,0.0,2.9652677139111288,0.0,0.0,0.10646225655645064,10.646225655645065,Low,Strengthen storm-water drainage capacity; Improve drainage near historically flooded locations; Continue routine drainage maintenance
18930,044,04,North,Perambur,12,690993.5115472161,548724.7999664994,12,1.5328934978754922,55.74581488239433,20598.15543779506,44830.71441353173,2573.346288140295,122.12580411586282,164.28128735011202,0.6024192372616479,0.0,0.0,0.0,0.0,19867.53561007486,16.218396416387638,1.0037175531293903,28271.89263274351,23.079096026729392,1.0101570630432404,0.3399468858711493,340.7502270434073,0.2781634506476794,0.0,0.0,0.0,2.1206763272231446,0.0,1.6768058858258568,286.4070914659749,0.041448593464311345,0.19644786039084153,19.644786039084153,Low,Strengthen storm-water drainage capacity; Improve drainage near historically flooded locations; Continue routine drainage maintenance
18934,048,04,North,Royapuram,17,478733.8232629014,478733.8232628952,10,1.0,66.84676730326555,81887.28994650033,0.0,0.0,0.0,0.0,0.25094911960721905,0.0,0.0,0.0,0.0,50256.203118249054,41.02547193326454,1.0,56775.65674260854,45.700623342538314,1.0224411474518493,0.0,0.0,0.0,0.0,0.0,0.0,1.0,0.0,1.1538180566101899,0.0,0.0,0.08707926340070526,8.707926340070527,Low,Strengthen storm-water drainage capacity; Improve drainage near historically flooded locations; Continue routine drainage maintenance
18928,042,04,North,Dr.R.K.Nagar,11,1083515.1257616256,1081120.2403369532,18,1.0050544151248155,82.10204051947532,99916.64592978517,658.3537065721072,0.0,0.0,0.0,0.1936486870565992,0.0,0.0,0.0,0.0,55370.479391796085,45.2003913402417,0.8556718107028847,71518.21503242786,58.17902774609614,0.8586972898026575,0.0,0.0,0.0,0.0,0.0,0.0,1.7781307171142289,0.0,1.2662089202800648,0.0,0.0,0.07126312090789086,7.126312090789086,Low,Strengthen storm-water drainage capacity; Improve drainage near historically flooded locations; Continue routine drainage maintenance
18931,045,04,North,Perambur,12,1139751.9717003268,1139751.971700343,18,1.8256787544555104,91.79269017816632,70854.45823826831,20749.182822756946,1280.155350255842,2343.169697706628,17219.079359265983,0.8942648900739852,0.0,0.0,0.0,0.0,83402.71976127592,66.7160916813513,1.291903166658058,97258.32474110094,79.37652895151197,1.5480043685005946,0.273528229902659,328.87108196313403,0.26846618935766037,0.0,0.0,0.0,5.0,0.0,3.0,19562.24905697261,1.7163601856102848,0.29794237825083253,29.794237825083254,Moderate,Strengthen storm-water drainage capacity; Improve drainage near historically flooded locations; Regularly inspect drains and remove blockages
18932,046,04,North,Perambur,12,1436053.976286008,1436053.9762860097,24,2.0471121874468614,95.81038495869132,39746.80641104931,54584.15488697436,8304.112954406643,3095.8911739379064,11636.75614802864,0.35770909016939395,0.0,0.0,0.0,0.0,48810.16823056504,39.844305813064075,1.5584746444085817,99058.56879706017,80.79983976846307,1.5595604218481993,0.42515700024550374,1897.6197720727298,1.5490773649573306,0.3210920895555189,1737.2722770375533,1.418181450642901,4.226226401869994,0.0,2.874449738617692,14732.647321966546,1.0259118086959955,0.2469455594974636,24.69455594974636,Low,Strengthen storm-water drainage capacity; Improve drainage near historically flooded locations; Continue routine drainage maintenance
18889,003,01,North, , ,3158599.2287903535,2966239.9194190386,37,1.142724419897629,50.37749241646164,47961.28932201509,13751.138888150415,0.0,0.0,0.0,0.08259615090339191,0.0,0.0,0.0,0.0,45467.07515218085,36.71476459767915,1.4429237093250944,57423.956271328985,46.3604191533629,1.4275543787963558,0.49476168198695064,6760.887256101257,5.51909163763368,0.39514717421580536,6348.491529901449,5.182442065225674,1.8949032109858333,0.0,3.0,0.0,0.0,0.09946148389125926,9.946148389125927,Low,Strengthen storm-water drainage capacity; Improve drainage near historically flooded locations; Protect and maintain water-body storage capacity; Maintain river channels and prevent encroachment; Continue routine drainage maintenance
18893,007,01,North, , ,7677696.882041475,7677696.882041494,86,1.575945896087458,101.99262034478129,71707.36090231418,45975.8216727791,26.239760893699138,1822.713545630643,5408.824040739456,0.0999852543537445,0.0,0.0,0.0,0.0,95286.64447377439,74.08139883523087,1.619417330653668,120377.8796987819,94.8490017878595,2.0317577955513304,0.34924600138056405,2825.433123790124,2.3064760194205087,0.22976189389535842,1282.7028684293293,1.0471043823912893,4.524986777869019,0.0,3.0,7231.537586370099,0.09418889150579823,0.18095788563470905,18.095788563470904,Low,Strengthen storm-water drainage capacity; Improve drainage near historically flooded locations; Continue routine drainage maintenance
18894,008,01,North, , ,724104.8554174168,349214.4049848474,9,1.15480952712128,54.3604204593608,53811.66587235489,12779.849190362096,0.0,0.0,0.0,0.20966358060910958,0.0,0.0,0.0,0.0,53096.689667846986,43.344236463548555,1.364165005764958,60522.50507279207,49.40612659003433,1.713910906906414,0.17121078125471695,1332.394230519661,1.0876687596078864,0.0,0.0,0.0,1.5081382096329683,0.0,3.0,0.0,0.0,0.13330060691944148,13.330060691944148,Low,Strengthen storm-water drainage capacity; Improve drainage near historically flooded locations; Continue routine drainage maintenance
18920,034,04,North,Perambur,12,2441686.3784885597,2181384.13771911,32,1.0215902672894088,64.88530707258745,76893.57716498588,2549.2272855306874,22.565648245496483,19.13106515756401,0.0,0.22147336830861505,0.11231136799252084,0.6317514449579297,0.7300238919513855,0.5334789979644741,56008.467089804435,44.5765602029938,0.7891680387046911,69325.56616679062,56.29940994053654,1.0164923842975007,0.28617286515346213,376.1882748294487,0.30709246924852956,0.0,0.0,0.0,1.3804583854253192,13.0,1.837217343214833,19.13106515756401,0.0007835185274452169,0.11515873137391032,11.515873137391033,Low,Strengthen storm-water drainage capacity; Improve drainage near historically flooded locations; Improve flood-water evacuation and pumping facilities; Increase road and low-lying area flood protection; Continue routine drainage maintenance
18896,010,01,North, , ,521626.49516694347,518860.1087327315,12,1.012979470940655,50.541890839676824,60323.91415983649,1589.9021187676249,0.0,0.0,0.0,0.4707438261388023,0.0,0.0,0.0,0.0,37156.077499727304,30.331491836512082,1.0567497225547033,62189.80084761775,50.76718436540223,1.2274180762514764,0.48334397723577666,1624.195012301093,1.3258734794294635,0.0,0.0,0.0,1.5206717359934412,0.0,2.659756645071778,0.0,0.0,0.13014923728740757,13.014923728740758,Low,Strengthen storm-water drainage capacity; Improve drainage near historically flooded locations; Continue routine drainage maintenance
18921,035,04,North,Perambur,12,1689439.3741805353,1689439.3741805335,24,1.094852914794372,86.31864023466443,95663.82080623417,9164.89191356679,681.2845948454976,61.96137455801671,168.37559825946897,0.2246492826494567,0.0,0.0,0.0,0.0,58968.36171928646,48.04066522175849,0.9263916665768223,100836.98249206363,77.55643179193103,1.0975119681986083,0.7792195407161986,1516.0627883799773,1.2376022762285532,0.0,0.0,0.0,2.07181623746879,0.0,1.444825115712446,230.33697281748567,0.013633929476114578,0.09776033301676183,9.776033301676183,Low,Strengthen storm-water drainage capacity; Improve drainage near historically flooded locations; Continue routine drainage maintenance
18922,036,04,North,Perambur,12,1375623.609560467,1375623.609560469,21,2.0843099969539147,94.56781938769119,29514.211627669152,60772.622684967166,12780.227124990091,9294.541389476673,3483.975922818632,0.29955068526062273,0.0,0.0,0.0,0.0,42911.38281746318,33.5785045673636,0.929977006495784,105238.57944104841,74.53226938390414,1.0864432110614395,0.7060279425739338,3355.27414031195,2.738999298213837,0.0,0.0,0.0,3.6408894880280562,0.0,1.464830666330275,12778.517312295306,0.9289254141529483,0.21909265887381657,21.909265887381657,Low,Strengthen storm-water drainage capacity; Improve drainage near historically flooded locations; Continue routine drainage maintenance
18895,009,01,North, , ,681428.2848657821,516740.41357643914,12,1.2737166110122378,38.98087672953847,31299.388092536894,16452.18590114773,0.0,0.0,0.0,0.47373857175508977,0.0,0.0,0.0,0.0,39620.20395353462,32.34302363553847,1.3924705289416925,48294.51700845459,39.42409551710579,1.7700130685540207,0.06502690418668557,294.26432217245883,0.2402157732020072,0.0,0.0,0.0,1.850738414464031,0.0,3.0,0.0,0.0,0.18711517714460235,18.711517714460236,Low,Strengthen storm-water drainage capacity; Improve drainage near historically flooded locations; Continue routine drainage maintenance
18898,012,01,North, , ,420852.9715411252,327002.7917816326,8,1.0881404833923776,52.4869501323225,53657.8714001346,10638.642511960436,0.0,0.0,0.0,0.5124131428215772,0.0,0.0,0.0,0.0,32736.386865414443,26.723581114624036,0.8432302323949931,60826.619665433915,49.65438340035421,1.3574622250603512,0.14374830298860528,46.977586914505174,0.03834905054245321,0.0,0.0,0.0,1.5206717359934412,0.0,2.659756645071778,0.0,0.0,0.15106247677764723,15.106247677764722,Low,Strengthen storm-water drainage capacity; Improve drainage near historically flooded locations; Continue routine drainage maintenance
18899,013,01,North, , ,470905.01372750226,401999.8356122982,8,1.0069447487805612,56.223606279644926,68042.79685223455,831.1208403305016,0.0,0.0,0.0,0.5058015935543413,0.0,0.0,0.0,0.0,23166.769810288628,18.9113867369443,0.4455212834131882,56750.029004039454,46.32639426286012,0.9026916311018669,0.0,0.0,0.0,0.0,0.0,0.0,1.3571776055884734,0.0,2.4993292091328607,0.0,0.0,0.11816916950001938,11.816916950001938,Low,Strengthen storm-water drainage capacity; Improve drainage near historically flooded locations; Continue routine drainage maintenance
18900,014,01,North, , ,667991.38387244,377627.8222977276,9,1.328623112702363,36.54502512495011,28268.192354259187,16499.463423804697,0.0,0.0,0.0,0.0,0.0,0.0,0.0,0.0,41238.67552572309,33.66422491895762,1.479812617238537,43927.25748958006,35.858985705779645,1.6945196256763155,0.0,0.0,0.0,0.0,0.0,0.0,1.628100217775868,0.0,2.6749629204274705,0.0,0.0,0.12198419274109717,12.198419274109717,Low,Strengthen storm-water drainage capacity; Continue routine drainage maintenance
18913,027,03,North, , ,3643899.358112742,3046681.6235114294,39,1.0816668834479435,61.85800951389141,66446.18265272309,9329.879001793874,0.0,0.0,0.0,0.0002841332886225429,0.037052090436142056,0.40757299479756265,0.40757299479756265,0.40757299479756265,85145.14413488859,52.17380928914985,1.030012434506871,106769.73192529574,60.90204741228451,1.1910991938365099,0.31575221717304214,4724.655169678681,3.8568613630030044,0.0,0.0,0.0,1.7105535553485398,11.0,1.895287963371085,0.0,0.0,0.08345191640753788,8.345191640753788,Low,Strengthen storm-water drainage capacity; Improve drainage near historically flooded locations; Improve flood-water evacuation and pumping facilities; Increase road and low-lying area flood protection; Continue routine drainage maintenance
18914,028,03,North, , ,1310031.3364319105,1310031.3364319091,22,1.1546544496658073,99.23267589215733,102835.62739060758,18490.21044695606,169.56661521300236,64.62351511606387,0.0,0.0,0.0,0.0,0.0,0.0,86863.49575061612,59.257810751894425,1.0611166009397448,88247.45527533573,68.77171990114981,1.2257946489672364,0.32107194445235837,476.775072189912,0.3892041405631934,0.0,0.0,0.0,2.4716333582410392,0.0,2.1419648772575663,64.62351511606387,0.004932974755556369,0.0789052032045951,7.89052032045951,Low,Strengthen storm-water drainage capacity; Continue routine drainage maintenance
18915,029,03,North, , ,2279372.2977316044,2279372.297731603,35,1.5559938368216641,143.21365635999146,121321.6254218721,23311.82980920895,16428.53908722433,11286.876657223815,3087.858065460319,0.2189409676214663,0.0,0.0,0.0,0.0,153376.4217936189,93.24686806398259,1.2153788192308455,128830.06998162078,98.47608696776673,1.5803700979507207,0.5011905605474879,1231.776312990924,1.0055316840742239,0.0,0.0,0.0,3.405865976633309,0.0,2.202572358152787,14374.734722684134,0.6306444426384248,0.17301289751643686,17.301289751643687,Low,Strengthen storm-water drainage capacity; Improve drainage near historically flooded locations; Continue routine drainage maintenance
18916,030,03,North, , ,3096619.7615640233,2987053.0123227383,43,1.3692968486627972,126.03049165059402,109849.68646234623,33579.87746008838,4072.8820177289394,2447.296190702179,4437.610141111958,0.07545855600626841,0.050160576589067384,0.5333421548313578,0.5333421548313578,0.5333421548313578,94592.11968762023,71.58157232764633,1.3934317246009051,114019.69346054753,88.93946187078741,1.4852978719941092,0.7038535838267624,34280.70117750191,27.984245859185233,0.0,0.0,0.0,3.405865976633309,11.0,2.202572358152787,6884.906331814137,0.22233618790628487,0.14587505459972563,14.587505459972563,Low,Strengthen storm-water drainage capacity; Improve drainage near historically flooded locations; Improve flood-water evacuation and pumping facilities; Increase road and low-lying area flood protection; Protect and maintain water-body storage capacity; Continue routine drainage maintenance
18912,026,03,North, , ,2152243.371189021,1772818.5231850978,29,1.0274968073573392,32.947844535262185,39555.40234303926,805.7072126569237,0.0,0.0,0.0,0.0,0.0,0.0,0.0,0.0,28463.38672840576,23.219981238467717,1.0421125685811103,36349.82320584244,29.310173574306,1.0289074619024874,0.37938615065406,1463.8521422970007,1.1949813406506127,0.0,0.0,0.0,1.183494286236207,0.0,1.336730481234252,0.0,0.0,0.05473116171740566,5.473116171740566,Low,Strengthen storm-water drainage capacity; Continue routine drainage maintenance
18919,033,03,North, , ,683214.4904323104,547781.239673584,11,1.0000079994197404,32.895513167740575,40296.21608391555,0.787546566671031,0.0,0.0,0.0,0.1845487761928471,0.09575909996099002,1.2448682994928704,1.2448682994928704,1.2448682994928704,30985.054151520333,25.29392175634313,0.8677451543679405,122982.64627636556,98.06206585405128,1.0262468440272126,0.5338169770765834,982.5402424997385,0.8020736673467252,0.0,0.0,0.0,1.0016491833840613,13.0,1.324949334114433,0.0,0.0,0.12033031169113292,12.033031169113292,Low,Strengthen storm-water drainage capacity; Improve drainage near historically flooded locations; Improve flood-water evacuation and pumping facilities; Increase road and low-lying area flood protection; Continue routine drainage maintenance
18910,024,03,North, , ,2710942.1769247046,2474956.8808886427,37,1.222606164634145,40.17908095515616,28066.33651076626,15624.856069117528,4605.377363291454,922.8042268910522,0.0,0.10563565317856231,0.14989220762075525,0.40860944430679846,0.45810525611100894,0.38386153840469317,30923.301893416246,25.24351174972755,0.8976825488583146,42566.16687378997,34.55510218443435,0.9093682941458883,0.13205944958586902,5356.020707154652,4.372261801758899,0.0,0.0,0.0,2.56480037085746,9.0,1.1386327130923357,922.8042268910522,0.034039981920155976,0.1120131670196885,11.20131670196885,Low,Strengthen storm-water drainage capacity; Improve drainage near historically flooded locations; Improve flood-water evacuation and pumping facilities; Increase road and low-lying area flood protection; Continue routine drainage maintenance
18909,023,03,North, , ,4153959.1542142746,3160101.614955066,45,1.076342861326412,68.20748899960543,76766.98850196255,3231.0768460221307,2681.0236513047967,875.0850252271957,0.0,0.05792114699121244,0.0,0.0,0.0,0.0,39288.14983799555,31.36336048186056,0.7606735561663118,74534.5080391072,51.89061265386615,1.0560550627068581,0.37499720634827666,7530.541649976575,6.147380938756388,0.0,0.0,0.0,2.56480037085746,0.0,2.0,875.0850252271957,0.021066288635491384,0.06983837110577003,6.983837110577003,Low,Strengthen storm-water drainage capacity; Improve drainage near historically flooded locations; Protect and maintain water-body storage capacity; Continue routine drainage maintenance
18917,031,03,North, , ,2487514.569559946,2464840.952636317,34,1.0465945988761196,113.01801645098702,133000.93248399478,5243.266972349616,202.87069611472677,0.0,0.0,0.14260800788400185,0.04828840953414021,0.4345956858072619,0.4345956858072619,0.4345956858072619,96496.36520448889,61.24525608257403,1.10007438904975,115359.25200675189,65.44749055628498,1.1231756435044187,0.8773666108436732,9200.046528515399,7.510242064094201,0.0,0.0,0.0,1.8603151254365757,9.0,1.637607684765646,0.0,0.0,0.0981572632153094,9.81572632153094,Low,Strengthen storm-water drainage capacity; Improve drainage near historically flooded locations; Improve flood-water evacuation and pumping facilities; Increase road and low-lying area flood protection; Protect and maintain water-body storage capacity; Continue routine drainage maintenance
19026,140,10,Central,Saidapet,23,760853.5592627907,760853.559262798,13,2.075286803077208,99.41322645302013,14872.902613119244,91581.64505713791,8259.475943380647,3964.100116129042,3103.0786751828236,0.6140882125416749,0.0,0.0,0.0,0.0,40885.03500794263,33.363952334570925,0.8979512227984702,74631.38646672096,59.79195173717215,1.0156024116495768,0.5740472380935961,1000.3267653424981,0.8165932778306106,0.0,0.0,0.0,3.854310046437181,0.0,1.4111673829295381,7067.178791311866,0.9288487522039623,0.25934833822770625,25.934833822770624,Moderate,Strengthen storm-water drainage capacity; Improve drainage near historically flooded locations; Regularly inspect drains and remove blockages
19028,142,10,Central,Saidapet,23,1065645.5875288688,1065645.5875288532,22,2.3442734933057654,98.72830518883372,7432.918633112351,88453.03574893514,6014.488120474477,13548.518536940916,5493.212816858432,0.2505294569956906,0.0,0.0,0.0,0.0,40862.39058148994,32.18643034454697,1.5880342325985513,49447.234775317746,40.36508961250426,1.8460291635649944,0.6418727684223745,2708.1485932612604,2.2107335455193966,0.0,0.0,0.0,4.1481622370355495,0.0,3.0,19041.731353799347,1.7868728193165344,0.27944945727854137,27.944945727854137,Moderate,Strengthen storm-water drainage capacity; Improve drainage near historically flooded locations; Regularly inspect drains and remove blockages
19025,139,10,Central,Saidapet,23,724024.2888515303,724024.2888515415,13,3.66907409828917,100.00092806688954,3097.06729998618,31114.587911019913,17441.632014621773,22424.904820931082,48422.94483538075,0.19347948053793215,0.0,0.0,0.0,0.0,68472.4666058784,55.895891106839514,1.3940846279279357,112358.09124864233,87.82097714584506,1.7141508900886226,0.6867498701628396,4511.8146966696695,3.6831140380976892,0.0,0.0,0.0,4.236173055535884,0.0,2.9999999999999996,70847.84965631184,9.785286315282722,0.41360586119554354,41.360586119554355,Moderate,Strengthen storm-water drainage capacity; Improve drainage near historically flooded locations; Regularly inspect drains and remove blockages
19073,187,14,South, , ,991615.8791542747,464810.48292694683,8,1.377214193150463,22.97681862474386,15900.294539492785,12202.554227728211,20.219664509546902,23.534383580685756,0.0,0.0,0.5186961271508911,1.452349156022495,1.47828396238004,1.4264143496649506,16462.726970822594,13.43896079250824,0.7544426360789152,19316.1674890999,15.768299991101955,0.7053357745243235,0.8107905347192399,35510.21437110432,28.987930098860673,0.0,0.0,0.0,2.053985374059548,5.7,1.0667238715070622,23.534383580685756,0.002373336699767017,0.16591006543943687,16.59100654394369,Low,Strengthen storm-water drainage capacity; Improve flood-water evacuation and pumping facilities; Increase road and low-lying area flood protection; Protect and maintain water-body storage capacity; Continue routine drainage maintenance
19029,143,11,South, , ,2596970.3045545793,2596970.304554573,35,2.6575837608504767,102.17961734631703,19971.15563200861,53827.8065950041,19601.521451683588,14057.331976001637,17712.21559454041,0.15849037802848415,0.0,0.0,0.0,0.0,107104.7090417026,86.41581859193381,1.8293296916240167,114742.9616105126,91.21939063390896,2.5633302103284064,0.38452008958436806,649.3808631717363,0.5301068270789684,0.17161109133342575,387.01347148578935,0.3159293644781954,4.160658349296131,0.0,3.0,31769.547570542047,1.2233311838346577,0.33754953016926853,33.754953016926855,Moderate,Strengthen storm-water drainage capacity; Improve drainage near historically flooded locations; Regularly inspect drains and remove blockages
19021,135,10,Central,Thyagaraya Nagar,24,1478443.184505966,1478443.1845059646,24,2.7084781096478823,96.92773098352384,31700.954663238474,13261.111440458993,34920.407860035346,33939.81166228813,4914.184828795775,0.6979715441554036,1.6149238734099982,3.928119713985005,4.9742988887074615,3.4643871728340074,35249.51732194801,28.77511618118205,0.8225710623874215,66187.21968969441,46.830206304701704,0.8835729400987066,0.0,0.0,0.0,0.0,0.0,0.0,3.9854361134681584,21.0,1.4178231021767864,38853.996491083904,2.628034468843474,0.6202163138466761,62.02163138466761,High,Strengthen storm-water drainage capacity; Improve drainage near historically flooded locations; Improve flood-water evacuation and pumping facilities; Increase road and low-lying area flood protection; Increase drainage monitoring during heavy rainfall
19074,188,14,South, , ,3422944.5941289724,3366194.541109593,42,3.2784103640510214,94.19183439272828,8889.374468921882,42825.802529659886,3367.04377613838,18434.289104239462,41868.48725213251,0.13801400484755205,0.14980738359038648,1.4219538063100716,1.5270430377057893,1.3168645749143537,128029.76271744791,75.4854261816422,1.809550875722464,88105.23600146869,71.92264163385197,2.194993063370616,0.34306455646161244,5381.395777197179,4.392976144650757,0.0,0.0,0.0,4.978770957416467,60.0,3.0,60302.77635637197,1.7617222452213563,0.4410892157406155,44.10892157406155,Moderate,Strengthen storm-water drainage capacity; Improve drainage near historically flooded locations; Improve flood-water evacuation and pumping facilities; Increase road and low-lying area flood protection; Regularly inspect drains and remove blockages
18954,068,06,Central,Kolathur,13,1388248.998885913,1383384.4824562706,20,1.46958319484759,74.97222795461023,50462.929373742314,30779.134859107817,10598.915011547404,0.0,0.0,0.14300266197008382,0.0,0.0,0.0,0.0,52035.70328402933,42.47812512981986,1.0,76217.29265433461,62.21819808517112,1.0,0.17117847209336734,960.4268427995042,0.7840219124893912,0.0,0.0,0.0,2.749637511927967,0.0,1.0,0.0,0.0,0.12334975014918037,12.334975014918037,Low,Strengthen storm-water drainage capacity; Improve drainage near historically flooded locations; Continue routine drainage maintenance
19081,195,15,South, , ,2488365.02887878,2488365.028878789,34,2.8024579820129443,89.75883053138652,3724.883069098766,64012.479741287214,4230.781560058684,12409.86287832076,25576.56015218306,0.16523063731874485,0.049229111717261284,0.2953746703035677,0.2953746703035677,0.2953746703035677,69016.62119327714,56.33959593602519,1.4498307684291836,81277.28912598416,66.34847544062663,1.8219040285011363,0.6295188601683916,9958.208433451937,8.129149741593418,0.0,0.0,0.0,4.8075839095883985,6.0,3.0,37986.42303050382,1.526561520904348,0.33013329796387547,33.013329796387545,Moderate,Strengthen storm-water drainage capacity; Improve drainage near historically flooded locations; Improve flood-water evacuation and pumping facilities; Increase road and low-lying area flood protection; Protect and maintain water-body storage capacity; Regularly inspect drains and remove blockages
18951,065,06,Central,Kolathur,13,1880934.9682514798,1880934.968251467,26,1.1707381621009147,59.370844605788726,58516.666837909004,13697.193281210728,515.4245229714679,0.0,0.0,0.5019228137465765,0.0,0.0,0.0,0.0,38649.13854870965,31.550317182620116,0.9518101381083597,61658.50313451998,50.33347194654693,1.0,0.17568626331773385,804.3584327574321,0.6566191287815772,0.0,0.0,0.0,2.0,0.0,1.0,0.0,0.0,0.14091041388928147,14.091041388928147,Low,Strengthen storm-water drainage capacity; Improve drainage near historically flooded locations; Continue routine drainage maintenance
18925,039,04,North,Dr.R.K.Nagar,11,1041208.4309103893,446465.51130968565,10,1.0088062428037474,49.69029314098701,60029.26522876913,841.3438689399505,0.0,0.0,0.0,0.1409597070202065,0.0,0.0,0.0,0.0,9958.21797776328,8.08576238913837,0.3450958808254457,51546.004186053404,41.748230668302604,0.7267732375612814,0.0,0.0,0.0,0.0,0.0,0.0,1.255548882977369,0.0,1.8513879020810988,0.0,0.0,0.05755478314452117,5.755478314452117,Low,Strengthen storm-water drainage capacity; Improve drainage near historically flooded locations; Continue routine drainage maintenance
18977,091,07,Central, , ,1216031.755729055,1216031.755729035,24,2.3158962731803694,93.66568909832135,45273.51842217508,24822.96783391575,16674.79309986575,10119.885462069935,17849.304327417125,0.16983860742787457,0.0,0.0,0.0,0.0,64258.680262137896,52.45392095043464,1.7907455411705657,108203.45418170269,82.46824833103469,1.835162731883324,0.793160820845233,1298.0251922680745,1.0596124018514894,0.010362429474962843,91.0397046594166,0.07431812625258498,4.470437117795322,0.0,3.0,27969.18978948706,2.300037779253431,0.26421510735959847,26.421510735959846,Moderate,Strengthen storm-water drainage capacity; Improve drainage near historically flooded locations; Regularly inspect drains and remove blockages
18892,006,01,North, , ,1377601.8096247804,1377601.8096247606,21,1.9222582070923915,100.8880060872434,47811.39520655423,60662.8157848925,915.9193668887906,2455.7403877080806,11741.936710829566,0.4977706398026108,0.0,0.0,0.0,0.0,115262.88789959684,91.26814319609825,2.21866077649299,114844.52037994273,93.74955805934121,2.7781986510271053,0.8585910135420916,3726.8491113409896,3.042325805176318,0.2324946066613654,1270.9100671297867,1.0374776058202342,3.5646362975276498,0.0,3.0,14197.677098537646,1.0306081916664067,0.31403569052658165,31.403569052658163,Moderate,Strengthen storm-water drainage capacity; Improve drainage near historically flooded locations; Regularly inspect drains and remove blockages
18929,043,04,North,Dr.R.K.Nagar,11,991587.0586712445,160879.32807260775,6,1.0,14.271753987944422,17482.89863523192,0.0,0.0,0.0,0.0,0.09271666200572246,0.0,0.0,0.0,0.0,3996.701799867846,3.2626137141778337,0.7079371493749188,6357.831694887916,5.190066689704422,0.7801695490674334,0.0,0.0,0.0,0.0,0.0,0.0,1.0,0.0,1.0,0.0,0.0,0.05236970976606163,5.236970976606163,Low,Strengthen storm-water drainage capacity; Improve drainage near historically flooded locations; Continue routine drainage maintenance
18996,110,09,Central,Thousand Light,20,2053161.4943943622,2053161.4943943578,28,2.404486070464347,97.02377396177238,21264.017221518803,53229.71469141039,21393.41064308387,18823.355246241386,4143.625300916712,0.31344052100427244,0.06361011311146259,0.581968033411544,0.581968033411544,0.581968033411544,79203.22351668689,64.04400251743938,1.1340807877462713,93438.5160471399,74.37431759873398,1.548188265932713,0.27154100765965417,1834.8959637720784,1.4978742561404723,0.23435805813302582,1762.1546258382361,1.4384935721128458,4.011839759678705,12.0,2.7165969008074784,22966.9805471581,1.1186153943498174,0.3018632890659468,30.186328906594678,Moderate,Strengthen storm-water drainage capacity; Improve drainage near historically flooded locations; Improve flood-water evacuation and pumping facilities; Increase road and low-lying area flood protection; Regularly inspect drains and remove blockages
18903,017,02,North, , ,6673352.864417245,6577271.36197982,81,1.0465052778836277,78.93510042226649,91086.32645562387,5591.108479034447,9.394826118145073,8.668256499987335,0.0,0.06441693682821943,0.0,0.0,0.0,0.0,59734.12459209284,46.217530827995425,0.9456712226408288,78962.15661249663,60.90409072314087,1.1383104619645705,0.6641808556287006,3553.8497250476908,2.9011018163654625,0.0,0.0,0.0,1.7892025572375327,0.0,2.6562827532230275,8.668256499987335,0.00012989357338208575,0.07153877237603112,7.153877237603112,Low,Strengthen storm-water drainage capacity; Improve drainage near historically flooded locations; Continue routine drainage maintenance
18905,019,02,North, , ,4116757.3729373035,3761230.8634358137,44,1.1429408548842592,77.17908146916386,77781.04377904833,16763.331020677415,0.0,0.0,0.0,0.04516206376626054,0.0,0.0,0.0,0.0,65794.89927031878,45.657911556599856,1.113535076712604,82675.84113154023,63.449162407353214,1.3515329424782228,0.7924803373213894,6335.401538852659,5.171756358247068,0.0,0.0,0.0,1.7892025572375327,0.0,2.8743180582888654,0.0,0.0,0.0903355132578812,9.03355132578812,Low,Strengthen storm-water drainage capacity; Improve drainage near historically flooded locations; Protect and maintain water-body storage capacity; Continue routine drainage maintenance
19056,170,13,South,Saidapet,23,2701021.753389609,2641369.076301093,39,1.3731100214833123,81.42862761412347,67248.47512782554,25433.74804947288,3885.935556183797,1746.4319434121257,1435.478150406878,0.11728454658083788,0.046715587620557275,0.15182565976681114,0.16350455667195046,0.14014676286167183,84103.33503257354,66.18006459377261,1.4351428881615047,96991.811690242,76.07936143598486,1.5183911535979446,0.631853522994437,7692.677296827273,6.279736568838589,0.01144202388953406,54.53283449935267,0.0445165995913083,3.760522175381755,7.0,3.0,3181.910093819004,0.1178039417796584,0.1436149171296412,14.361491712964119,Low,Strengthen storm-water drainage capacity; Improve drainage near historically flooded locations; Improve flood-water evacuation and pumping facilities; Increase road and low-lying area flood protection; Protect and maintain water-body storage capacity; Continue routine drainage maintenance
18999,113,09,Central,Thousand Light,20,1689338.657889006,1689338.6578890209,28,1.8300303630178758,87.40890817200574,24852.971814809636,75297.23897757826,6552.384226852766,81.77262048931938,291.54487097704475,0.47296340448631324,0.24534205495629077,1.4184290550708092,1.4885028881687095,1.3483552219729091,23886.018376738208,19.49463479048909,0.643618469328945,48035.33516373078,38.99598812638614,0.8505658525495702,0.2459698563754864,551.1082819146375,0.44988431176705096,0.0,0.0,0.0,4.011839759678705,13.0,2.3412150411543178,373.3174914663641,0.022098440103943448,0.2663838444098952,26.638384440989523,Moderate,Strengthen storm-water drainage capacity; Improve drainage near historically flooded locations; Improve flood-water evacuation and pumping facilities; Increase road and low-lying area flood protection; Regularly inspect drains and remove blockages
18995,109,09,Central,Thousand Light,20,942361.2393630994,942361.2393631041,18,2.3980307077283807,102.26678352499667,18018.87221520252,66833.58075411626,24567.885631361045,5193.209269775783,10663.261947665305,0.24916318106612853,0.0,0.0,0.0,0.0,82660.48167880811,67.45502135816288,1.3594665529539702,138380.88406411125,94.73256050815893,1.5263553579557327,0.6853779423074525,1635.7457734815073,1.3353026722298014,0.14549212473438458,449.8102623920336,0.36719205093227236,3.7248238161151837,0.0,2.6331905854636783,15856.471217441089,1.6826319414577982,0.2692526447192476,26.92526447192476,Moderate,Strengthen storm-water drainage capacity; Improve drainage near historically flooded locations; Regularly inspect drains and remove blockages
18924,038,04,North,Dr.R.K.Nagar,11,1800298.9261863958,1800298.9261863804,26,1.4242867140120752,90.14009644419217,73150.32018949336,32507.331670030784,237.56628524036634,378.6991615074035,4147.7008378634855,0.15151822125522948,0.0,0.0,0.0,0.0,103233.33794323838,74.20903464510675,1.3225981935553028,114308.07299660481,83.28633535248194,1.8710858064965676,0.30070136282338167,1536.148666373856,1.253998911325597,0.20980213361389988,1408.8116094922075,1.1500502934630266,3.204345197824723,0.0,2.7960452231593527,4526.399999370889,0.2514249124704662,0.16319160007243225,16.319160007243223,Low,Strengthen storm-water drainage capacity; Improve drainage near historically flooded locations; Continue routine drainage maintenance
18887,001,01,North, , ,1733614.1766931058,358916.1182398388,6,2.0,34.29930383263734,0.0,42016.64719498075,0.0,0.0,0.0,0.0,0.0,0.0,0.0,0.0,0.0,0.0,0.0,0.0,0.0,0.0,0.4696792627581177,23532.66567328904,19.210339325133912,0.4696792627581177,23532.66567328904,19.210339325133912,2.0,0.0,0.0,0.0,0.0,0.11239852808593616,11.239852808593616,Low,Strengthen storm-water drainage capacity; Protect and maintain water-body storage capacity; Maintain river channels and prevent encroachment; Continue routine drainage maintenance
19046,160,12,South, , ,669993.9233238451,658176.6706202829,14,1.2970748178639675,34.45271792452489,25971.016767753037,13725.140035878801,81.9568346179933,1559.695835535257,866.7699837578948,0.6344186237542151,0.33234652459704983,1.6164463593323635,1.632850899335611,1.6082440893307397,26109.203748503925,21.267494914528694,0.5067581937843221,29140.778348117277,23.788390488259004,0.5316827920981979,0.0,0.0,0.0,0.0,0.0,0.0,3.0547345895584193,15.0,1.5980980791774058,2426.465819293152,0.36216236219806824,0.22546562798328942,22.546562798328942,Low,Strengthen storm-water drainage capacity; Improve drainage near historically flooded locations; Improve flood-water evacuation and pumping facilities; Increase road and low-lying area flood protection; Continue routine drainage maintenance
19003,117,09,Central,Thousand Light,20,1328108.4323560374,1328108.4323560335,25,1.8955682182995075,91.19108017709695,25832.217223207954,74356.10079610835,5355.539415378459,6165.215782248989,0.0,0.590919138707523,0.0848289782544219,0.6121614363676299,0.6430153259680363,0.5874783246873045,42285.662418715096,33.115169350227156,0.9314713544873752,89915.52263719795,69.68311250889506,1.064061190067701,0.4854625432769801,1145.2201407578873,0.9348735842921531,0.0,0.0,0.0,2.588471210612078,15.0,1.2535374919810398,6165.215782248989,0.4642102732012643,0.2635274428735687,26.35274428735687,Moderate,Strengthen storm-water drainage capacity; Improve drainage near historically flooded locations; Improve flood-water evacuation and pumping facilities; Increase road and low-lying area flood protection; Regularly inspect drains and remove blockages
18997,111,09,Central,Thousand Light,20,2717022.531612644,2717022.5316126393,39,2.7780155291781794,94.5789745474532,20801.500374825493,40371.35391517985,15741.154334741785,13524.935072763581,25420.300123119458,0.22995047432579793,0.0,0.0,0.0,0.0,108550.8129602079,73.69880782304,1.5019874505349946,96742.19181290924,75.61665976227752,1.8872221033857397,0.48955762679261583,2345.598722255795,1.9147744671475875,0.29388634290135146,2166.2004111320643,1.7683268662302571,4.513054817796425,0.0,3.0,38945.23519588304,1.433379176755216,0.32733613448712284,32.73361344871228,Moderate,Strengthen storm-water drainage capacity; Improve drainage near historically flooded locations; Regularly inspect drains and remove blockages
18911,025,03,North, , ,3981923.902408259,3981923.902408275,52,1.2518619816039358,58.803286035154514,50303.01180313898,19279.463272538796,2399.7202005101212,51.830116876386356,0.0,0.026695457754170506,0.05466395238445794,0.5689784047460164,0.5689784047460164,0.5689784047460164,44648.63078234665,36.30248701908292,0.9979932650491447,61468.44104203722,50.17831921798957,1.0069895942655414,0.6318300832866716,3021.2093976344527,2.4662933858240437,0.0,0.0,0.0,2.4716333582410392,11.0,1.4017025118697903,51.830116876386356,0.0013016350424235785,0.10310100312081893,10.310100312081893,Low,Strengthen storm-water drainage capacity; Improve drainage near historically flooded locations; Improve flood-water evacuation and pumping facilities; Increase road and low-lying area flood protection; Continue routine drainage maintenance
18918,032,03,North, , ,4966754.977564793,3860108.6492676227,50,1.0502173176220415,77.87694231439669,90120.4712742492,988.4889826495114,2639.5889387855314,1650.7051394517216,0.0,0.03689096112206138,0.054046530088695366,0.583150588744804,0.583150588744804,0.583150588744804,65748.92234543899,47.4837098997316,0.9590379267586462,90155.47638096321,57.61423494189089,1.0720472584385599,1.2968544662327186,22345.69878290488,18.241386761555002,0.0,0.0,0.0,2.12909549538328,13.0,2.0,1650.7051394517216,0.03323508300506228,0.08548012920184386,8.548012920184386,Low,Strengthen storm-water drainage capacity; Improve drainage near historically flooded locations; Improve flood-water evacuation and pumping facilities; Increase road and low-lying area flood protection; Protect and maintain water-body storage capacity; Continue routine drainage maintenance
18952,066,06,Central,Kolathur,13,1035112.4193990787,1035112.4193990718,19,1.4549581531501548,88.32651231479932,54810.238807639056,45078.93702128843,6068.733972316007,2242.06778438567,0.0,0.19769290358350466,0.0,0.0,0.0,0.0,62673.5973131667,49.83399826737966,0.9112424349142261,94746.10432039904,77.34358120662993,1.0830139545815565,0.5445657794401597,547.1477144083462,0.44665119543538473,0.0,0.0,0.0,2.4668958931482323,0.0,1.6122537257549632,2242.06778438567,0.2166013799435692,0.13366637499394368,13.366637499394368,Low,Strengthen storm-water drainage capacity; Improve drainage near historically flooded locations; Continue routine drainage maintenance
19048,162,12,South, , ,1240130.478392897,1140151.9997992266,18,1.6750045826677797,57.85305196298025,15480.177076445087,52199.348766613315,3190.462811592391,0.0,0.0,0.3743160417558136,0.0647671021252868,2.2668485743850377,2.2668485743850377,2.2668485743850377,24548.37604598313,20.03949064978215,0.9090506010557277,34889.87964238811,28.481534401949478,0.9090506010557277,0.16350429251785956,1544.6955106154371,1.2609759270330096,0.0,0.0,0.0,2.3076144646099785,35.0,1.0,0.0,0.0,0.2420890139223702,24.20890139223702,Low,Strengthen storm-water drainage capacity; Improve drainage near historically flooded locations; Improve flood-water evacuation and pumping facilities; Increase road and low-lying area flood protection; Continue routine drainage maintenance
19050,164,12,South, , ,603783.3008981971,518368.2593335191,12,1.931333460070847,64.71736955440457,11074.892819764158,63589.97198573833,4613.912898643112,0.0,0.0,0.2746680260735739,0.0,0.0,0.0,0.0,14998.115390007923,12.243359502047282,0.5207858943956266,17640.40854149973,14.400333503265086,0.5207858943956266,0.1813075379892948,1571.822589505227,1.2831204812287567,0.0,0.0,0.0,2.088282769868123,0.0,1.0,0.0,0.0,0.16996207203669433,16.996207203669435,Low,Strengthen storm-water drainage capacity; Improve drainage near historically flooded locations; Continue routine drainage maintenance
19044,158,12,South, , ,2011592.2124581037,1984209.112935061,37,1.7499464683569823,73.4490798430522,45799.362546473414,26231.827011541456,5196.092377539232,5389.831930482666,7358.008941702164,0.01970815292726102,0.09553535436840085,0.47767677184200424,0.47767677184200424,0.47767677184200424,61663.03141878623,49.34797436746758,1.3412174539397146,78956.030582514,63.32904937932375,1.8281633531105104,0.43217596563255983,4182.321499506769,3.4141399995973627,0.0,0.0,0.0,3.9938984196088807,5.0,3.0,12747.84087218483,0.6337189413060692,0.20063362040403776,20.063362040403774,Low,Strengthen storm-water drainage capacity; Improve drainage near historically flooded locations; Improve flood-water evacuation and pumping facilities; Increase road and low-lying area flood protection; Continue routine drainage maintenance
19053,167,12,South, , ,1135486.8677483392,907608.1219678933,16,1.8861303060403694,61.836940272032145,11152.244854502918,63813.94142453694,784.0655541995322,0.0,0.0,0.4548596796861957,0.0017861807045257466,0.025006529863360456,0.025006529863360456,0.025006529863360456,11961.959144818196,9.764864608014852,0.392197643339986,15088.843851989444,12.31742355264444,0.392197643339986,0.04556550485042164,276.7994271280763,0.22595871602291934,0.0,0.0,0.0,2.088282769868123,14.0,1.0,0.0,0.0,0.184948365523343,18.494836552334302,Low,Strengthen storm-water drainage capacity; Improve drainage near historically flooded locations; Improve flood-water evacuation and pumping facilities; Increase road and low-lying area flood protection; Continue routine drainage maintenance
19043,157,12,South, , ,4574614.917019349,4574614.917019376,58,1.807980702606258,79.56274369179428,46318.088462534375,30228.94075238967,8370.614315200904,6566.941503752773,5979.775988570275,0.0525861233261411,0.012118589271522696,0.060592946357613475,0.060592946357613475,0.060592946357613475,76202.40102497187,61.283429187692626,1.7582044300407385,88778.27089522814,70.78686753487372,2.1146811934529337,0.5703386161452887,2642.091824469962,2.15680965262854,0.0,0.0,0.0,4.169328250773879,5.0,3.0,12546.717492323049,0.2742682765634409,0.2072076264190255,20.72076264190255,Low,Strengthen storm-water drainage capacity; Improve drainage near historically flooded locations; Improve flood-water evacuation and pumping facilities; Increase road and low-lying area flood protection; Continue routine drainage maintenance
19052,166,12,South, , ,1300046.505574677,1266647.2881964776,20,1.9220851200758229,46.480556572545666,1625.8263527023362,54357.06355125357,71.416577237042,884.3753201754955,0.0,0.09489562894594422,0.010755305040027086,0.376435676400948,0.376435676400948,0.376435676400948,8484.082611565627,6.9257817237270425,0.5357484322149597,6737.881441658096,5.5003113809453845,0.49766725023393005,0.0,0.0,0.0,0.0,0.0,0.0,2.1646378493679608,35.0,2.0,884.3753201754955,0.0680264372376866,0.15331016152025817,15.331016152025818,Low,Strengthen storm-water drainage capacity; Improve drainage near historically flooded locations; Improve flood-water evacuation and pumping facilities; Increase road and low-lying area flood protection; Continue routine drainage maintenance
19051,165,12,South, , ,1160915.2875274483,1160915.2875274373,22,2.0582936216190806,84.69913262380466,40891.819043050695,38240.2799673666,3372.966408344708,16009.41519034029,5241.956855058397,1.2575049750933098,0.20144569522421793,1.0164325897325819,1.1219120139130525,0.9461129736122685,67070.87042622502,54.57230596880754,0.9674238546921939,74800.13856648038,59.861599694692316,1.1497705899381123,1.0244393594821246,3116.669639859008,2.5442201141706184,0.0,0.0,0.0,4.895894181238886,15.0,2.81341013874323,21251.37204539869,1.83057043642353,0.40488388945522574,40.48838894552257,Moderate,Strengthen storm-water drainage capacity; Improve drainage near historically flooded locations; Improve flood-water evacuation and pumping facilities; Increase road and low-lying area flood protection; Regularly inspect drains and remove blockages
19042,156,12,South, , ,2778123.3041507266,2778078.8230432947,39,1.5320027746269975,68.1489781487146,32485.580507949886,47775.8697998511,1543.0740671867754,500.62228007439893,1177.3515771132659,0.09775228378603243,0.0,0.0,0.0,0.0,39172.80903790371,29.168475337708774,0.9401836037193129,55208.90001538026,41.0992132588931,0.976735049108256,0.4033493331023079,1150.137989500526,0.938888154694307,0.0,0.0,0.0,2.84468755763596,0.0,2.355031123958249,1677.9738571876649,0.060399545789801515,0.12274923905880783,12.274923905880783,Low,Strengthen storm-water drainage capacity; Improve drainage near historically flooded locations; Continue routine drainage maintenance
19047,161,12,South, , ,786435.9078822817,786435.9078822866,17,1.881535423881318,38.40539485450465,3041.671541401843,42163.16998527378,1841.7671700925769,0.0,0.0,0.5114154430435542,0.3274123219132811,1.608165440544267,1.6574509698896882,1.5643819165514974,7256.396022753326,5.923588590002714,0.35268318001235666,10978.905776654878,8.962372062575412,0.39096469865247435,0.2546065793906479,135.6390747617043,0.110725775315677,0.0,0.0,0.0,2.3076144646099785,9.5,1.0,0.0,0.0,0.26677233209937695,26.677233209937697,Moderate,Strengthen storm-water drainage capacity; Improve drainage near historically flooded locations; Improve flood-water evacuation and pumping facilities; Increase road and low-lying area flood protection; Regularly inspect drains and remove blockages
19049,163,12,South, , ,759309.374772454,759309.3747724565,17,1.9299888310020423,56.16001000650635,7037.25656597008,54153.19269065904,7605.563001341162,0.0,0.0,0.33258872658802396,0.00216502321639721,0.01515516251478047,0.01515516251478047,0.01515516251478047,20345.28056797697,16.608392300389365,0.44532027541832153,25070.165240985843,20.46544101304967,0.44544116843362813,0.6468249042190539,3999.658406228352,3.2650272703904903,0.0,0.0,0.0,2.3076144646099785,7.0,1.0,0.0,0.0,0.1748942798011373,17.48942798011373,Low,Strengthen storm-water drainage capacity; Improve drainage near historically flooded locations; Improve flood-water evacuation and pumping facilities; Increase road and low-lying area flood protection; Continue routine drainage maintenance
